Term,Label,Shortest Path to Root,Path Node 1,Path Node 2,Path Node 3,Path Node 4,Path Node 5,Path Node 6,Path Node 7,Path Node 8
http://purl.obolibrary.org/obo/HP_0000598,Abnormality of the ear,0,http://purl.obolibrary.org/obo/HP_0000598,,,,,,,
http://purl.obolibrary.org/obo/HP_0031703,Abnormal ear morphology,1,http://purl.obolibrary.org/obo/HP_0000598,http://purl.obolibrary.org/obo/HP_0031703,,,,,,
http://purl.obolibrary.org/obo/HP_0031704,Abnormal ear physiology,1,http://purl.obolibrary.org/obo/HP_0000598,http://purl.obolibrary.org/obo/HP_0031704,,,,,,
http://purl.obolibrary.org/obo/HP_0000356,Abnormality of the outer ear,2,http://purl.obolibrary.org/obo/HP_0000598,http://purl.obolibrary.org/obo/HP_0031703,http://purl.obolibrary.org/obo/HP_0000356,,,,,
http://purl.obolibrary.org/obo/HP_0000359,Abnormality of the inner ear,2,http://purl.obolibrary.org/obo/HP_0000598,http://purl.obolibrary.org/obo/HP_0031703,http://purl.obolibrary.org/obo/HP_0000359,,,,,
http://purl.obolibrary.org/obo/HP_0000370,Abnormality of the middle ear,2,http://purl.obolibrary.org/obo/HP_0000598,http://purl.obolibrary.org/obo/HP_0031703,http://purl.obolibrary.org/obo/HP_0000370,,,,,
http://purl.obolibrary.org/obo/HP_0008771,Aplasia/Hypoplasia of the ear,2,http://purl.obolibrary.org/obo/HP_0000598,http://purl.obolibrary.org/obo/HP_0031703,http://purl.obolibrary.org/obo/HP_0008771,,,,,
http://purl.obolibrary.org/obo/HP_0012780,Neoplasm of the ear,2,http://purl.obolibrary.org/obo/HP_0000598,http://purl.obolibrary.org/obo/HP_0031703,http://purl.obolibrary.org/obo/HP_0012780,,,,,
http://purl.obolibrary.org/obo/HP_0000364,Hearing abnormality,2,http://purl.obolibrary.org/obo/HP_0000598,http://purl.obolibrary.org/obo/HP_0031704,http://purl.obolibrary.org/obo/HP_0000364,,,,,
http://purl.obolibrary.org/obo/HP_0011389,Functional abnormality of the inner ear,2,http://purl.obolibrary.org/obo/HP_0000598,http://purl.obolibrary.org/obo/HP_0031704,http://purl.obolibrary.org/obo/HP_0011389,,,,,
http://purl.obolibrary.org/obo/HP_0030766,Ear pain,2,http://purl.obolibrary.org/obo/HP_0000598,http://purl.obolibrary.org/obo/HP_0031704,http://purl.obolibrary.org/obo/HP_0030766,,,,,
http://purl.obolibrary.org/obo/HP_6000015,Tympanic membrane hypermobility,2,http://purl.obolibrary.org/obo/HP_0000598,http://purl.obolibrary.org/obo/HP_0031704,http://purl.obolibrary.org/obo/HP_6000015,,,,,
http://purl.obolibrary.org/obo/HP_6000043,Rhythmic movements of the tympanic membrane,2,http://purl.obolibrary.org/obo/HP_0000598,http://purl.obolibrary.org/obo/HP_0031704,http://purl.obolibrary.org/obo/HP_6000043,,,,,
http://purl.obolibrary.org/obo/HP_6000182,Absent otoacoustic emissions,2,http://purl.obolibrary.org/obo/HP_0000598,http://purl.obolibrary.org/obo/HP_0031704,http://purl.obolibrary.org/obo/HP_6000182,,,,,
http://purl.obolibrary.org/obo/HP_0000372,Abnormal auditory canal morphology,3,http://purl.obolibrary.org/obo/HP_0000598,http://purl.obolibrary.org/obo/HP_0031703,http://purl.obolibrary.org/obo/HP_0000356,http://purl.obolibrary.org/obo/HP_0000372,,,,
http://purl.obolibrary.org/obo/HP_0000377,Abnormal pinna morphology,3,http://purl.obolibrary.org/obo/HP_0000598,http://purl.obolibrary.org/obo/HP_0031703,http://purl.obolibrary.org/obo/HP_0000356,http://purl.obolibrary.org/obo/HP_0000377,,,,
http://purl.obolibrary.org/obo/HP_0040090,Abnormal tympanic membrane morphology,3,http://purl.obolibrary.org/obo/HP_0000598,http://purl.obolibrary.org/obo/HP_0031703,http://purl.obolibrary.org/obo/HP_0000356,http://purl.obolibrary.org/obo/HP_0040090,,,,
http://purl.obolibrary.org/obo/HP_0040095,Neoplasm of the outer ear,3,http://purl.obolibrary.org/obo/HP_0000598,http://purl.obolibrary.org/obo/HP_0031703,http://purl.obolibrary.org/obo/HP_0000356,http://purl.obolibrary.org/obo/HP_0040095,,,,
http://purl.obolibrary.org/obo/HP_0011390,Abnormal inner ear morphology,3,http://purl.obolibrary.org/obo/HP_0000598,http://purl.obolibrary.org/obo/HP_0031703,http://purl.obolibrary.org/obo/HP_0000359,http://purl.obolibrary.org/obo/HP_0011390,,,,
http://purl.obolibrary.org/obo/HP_0040096,Neoplasm of the inner ear,3,http://purl.obolibrary.org/obo/HP_0000598,http://purl.obolibrary.org/obo/HP_0031703,http://purl.obolibrary.org/obo/HP_0000359,http://purl.obolibrary.org/obo/HP_0040096,,,,
http://purl.obolibrary.org/obo/HP_0040099,Abnormality of the round window,3,http://purl.obolibrary.org/obo/HP_0000598,http://purl.obolibrary.org/obo/HP_0031703,http://purl.obolibrary.org/obo/HP_0000359,http://purl.obolibrary.org/obo/HP_0040099,,,,
http://purl.obolibrary.org/obo/HP_0040100,Abnormality of the vestibular window,3,http://purl.obolibrary.org/obo/HP_0000598,http://purl.obolibrary.org/obo/HP_0031703,http://purl.obolibrary.org/obo/HP_0000359,http://purl.obolibrary.org/obo/HP_0040100,,,,
http://purl.obolibrary.org/obo/HP_0008609,Abnormal middle ear morphology,3,http://purl.obolibrary.org/obo/HP_0000598,http://purl.obolibrary.org/obo/HP_0031703,http://purl.obolibrary.org/obo/HP_0000370,http://purl.obolibrary.org/obo/HP_0008609,,,,
http://purl.obolibrary.org/obo/HP_0011452,Functional abnormality of the middle ear,3,http://purl.obolibrary.org/obo/HP_0000598,http://purl.obolibrary.org/obo/HP_0031703,http://purl.obolibrary.org/obo/HP_0000370,http://purl.obolibrary.org/obo/HP_0011452,,,,
http://purl.obolibrary.org/obo/HP_0040115,Abnormal Eustachian tube morphology,3,http://purl.obolibrary.org/obo/HP_0000598,http://purl.obolibrary.org/obo/HP_0031703,http://purl.obolibrary.org/obo/HP_0000370,http://purl.obolibrary.org/obo/HP_0040115,,,,
http://purl.obolibrary.org/obo/HP_0100799,Neoplasm of the middle ear,3,http://purl.obolibrary.org/obo/HP_0000598,http://purl.obolibrary.org/obo/HP_0031703,http://purl.obolibrary.org/obo/HP_0000370,http://purl.obolibrary.org/obo/HP_0100799,,,,
http://purl.obolibrary.org/obo/HP_0008772,Aplasia/Hypoplasia of the external ear,3,http://purl.obolibrary.org/obo/HP_0000598,http://purl.obolibrary.org/obo/HP_0031703,http://purl.obolibrary.org/obo/HP_0008771,http://purl.obolibrary.org/obo/HP_0008772,,,,
http://purl.obolibrary.org/obo/HP_0008773,Aplasia/Hypoplasia of the middle ear,3,http://purl.obolibrary.org/obo/HP_0000598,http://purl.obolibrary.org/obo/HP_0031703,http://purl.obolibrary.org/obo/HP_0008771,http://purl.obolibrary.org/obo/HP_0008773,,,,
http://purl.obolibrary.org/obo/HP_0008774,Aplasia/Hypoplasia of the inner ear,3,http://purl.obolibrary.org/obo/HP_0000598,http://purl.obolibrary.org/obo/HP_0031703,http://purl.obolibrary.org/obo/HP_0008771,http://purl.obolibrary.org/obo/HP_0008774,,,,
http://purl.obolibrary.org/obo/HP_0000360,Tinnitus,3,http://purl.obolibrary.org/obo/HP_0000598,http://purl.obolibrary.org/obo/HP_0031704,http://purl.obolibrary.org/obo/HP_0000364,http://purl.obolibrary.org/obo/HP_0000360,,,,
http://purl.obolibrary.org/obo/HP_0000365,Hearing impairment,3,http://purl.obolibrary.org/obo/HP_0000598,http://purl.obolibrary.org/obo/HP_0031704,http://purl.obolibrary.org/obo/HP_0000364,http://purl.obolibrary.org/obo/HP_0000365,,,,
http://purl.obolibrary.org/obo/HP_0001963,Abnormal speech discrimination,3,http://purl.obolibrary.org/obo/HP_0000598,http://purl.obolibrary.org/obo/HP_0031704,http://purl.obolibrary.org/obo/HP_0000364,http://purl.obolibrary.org/obo/HP_0001963,,,,
http://purl.obolibrary.org/obo/HP_6000032,Autophony,3,http://purl.obolibrary.org/obo/HP_0000598,http://purl.obolibrary.org/obo/HP_0031704,http://purl.obolibrary.org/obo/HP_0000364,http://purl.obolibrary.org/obo/HP_6000032,,,,
http://purl.obolibrary.org/obo/HP_0000407,Sensorineural hearing impairment,3,http://purl.obolibrary.org/obo/HP_0000598,http://purl.obolibrary.org/obo/HP_0031704,http://purl.obolibrary.org/obo/HP_0011389,http://purl.obolibrary.org/obo/HP_0000407,,,,
http://purl.obolibrary.org/obo/HP_0001751,Abnormal vestibular function,3,http://purl.obolibrary.org/obo/HP_0000598,http://purl.obolibrary.org/obo/HP_0031704,http://purl.obolibrary.org/obo/HP_0011389,http://purl.obolibrary.org/obo/HP_0001751,,,,
http://purl.obolibrary.org/obo/HP_0000402,Stenosis of the external auditory canal,4,http://purl.obolibrary.org/obo/HP_0000598,http://purl.obolibrary.org/obo/HP_0031703,http://purl.obolibrary.org/obo/HP_0000356,http://purl.obolibrary.org/obo/HP_0000372,http://purl.obolibrary.org/obo/HP_0000402,,,
http://purl.obolibrary.org/obo/HP_0000413,Atresia of the external auditory canal,4,http://purl.obolibrary.org/obo/HP_0000598,http://purl.obolibrary.org/obo/HP_0031703,http://purl.obolibrary.org/obo/HP_0000356,http://purl.obolibrary.org/obo/HP_0000372,http://purl.obolibrary.org/obo/HP_0000413,,,
http://purl.obolibrary.org/obo/HP_0004459,Exostosis of the external auditory canal,4,http://purl.obolibrary.org/obo/HP_0000598,http://purl.obolibrary.org/obo/HP_0031703,http://purl.obolibrary.org/obo/HP_0000356,http://purl.obolibrary.org/obo/HP_0000372,http://purl.obolibrary.org/obo/HP_0004459,,,
http://purl.obolibrary.org/obo/HP_0030787,Cerumen abnormality,4,http://purl.obolibrary.org/obo/HP_0000598,http://purl.obolibrary.org/obo/HP_0031703,http://purl.obolibrary.org/obo/HP_0000356,http://purl.obolibrary.org/obo/HP_0000372,http://purl.obolibrary.org/obo/HP_0030787,,,
http://purl.obolibrary.org/obo/HP_0410017,Otitis externa,4,http://purl.obolibrary.org/obo/HP_0000598,http://purl.obolibrary.org/obo/HP_0031703,http://purl.obolibrary.org/obo/HP_0000356,http://purl.obolibrary.org/obo/HP_0000372,http://purl.obolibrary.org/obo/HP_0410017,,,
http://purl.obolibrary.org/obo/HP_0000357,Abnormal location of ears,4,http://purl.obolibrary.org/obo/HP_0000598,http://purl.obolibrary.org/obo/HP_0031703,http://purl.obolibrary.org/obo/HP_0000356,http://purl.obolibrary.org/obo/HP_0000377,http://purl.obolibrary.org/obo/HP_0000357,,,
http://purl.obolibrary.org/obo/HP_0000363,Abnormal earlobe morphology,4,http://purl.obolibrary.org/obo/HP_0000598,http://purl.obolibrary.org/obo/HP_0031703,http://purl.obolibrary.org/obo/HP_0000356,http://purl.obolibrary.org/obo/HP_0000377,http://purl.obolibrary.org/obo/HP_0000363,,,
http://purl.obolibrary.org/obo/HP_0000378,Cupped ear,4,http://purl.obolibrary.org/obo/HP_0000598,http://purl.obolibrary.org/obo/HP_0031703,http://purl.obolibrary.org/obo/HP_0000356,http://purl.obolibrary.org/obo/HP_0000377,http://purl.obolibrary.org/obo/HP_0000378,,,
http://purl.obolibrary.org/obo/HP_0000394,Lop ear,4,http://purl.obolibrary.org/obo/HP_0000598,http://purl.obolibrary.org/obo/HP_0031703,http://purl.obolibrary.org/obo/HP_0000356,http://purl.obolibrary.org/obo/HP_0000377,http://purl.obolibrary.org/obo/HP_0000394,,,
http://purl.obolibrary.org/obo/HP_0000400,Macrotia,4,http://purl.obolibrary.org/obo/HP_0000598,http://purl.obolibrary.org/obo/HP_0031703,http://purl.obolibrary.org/obo/HP_0000356,http://purl.obolibrary.org/obo/HP_0000377,http://purl.obolibrary.org/obo/HP_0000400,,,
http://purl.obolibrary.org/obo/HP_0000411,Protruding ear,4,http://purl.obolibrary.org/obo/HP_0000598,http://purl.obolibrary.org/obo/HP_0031703,http://purl.obolibrary.org/obo/HP_0000356,http://purl.obolibrary.org/obo/HP_0000377,http://purl.obolibrary.org/obo/HP_0000411,,,
http://purl.obolibrary.org/obo/HP_0005103,Calcification of the auricular cartilage,4,http://purl.obolibrary.org/obo/HP_0000598,http://purl.obolibrary.org/obo/HP_0031703,http://purl.obolibrary.org/obo/HP_0000356,http://purl.obolibrary.org/obo/HP_0000377,http://purl.obolibrary.org/obo/HP_0005103,,,
http://purl.obolibrary.org/obo/HP_0008605,Unilateral external ear deformity,4,http://purl.obolibrary.org/obo/HP_0000598,http://purl.obolibrary.org/obo/HP_0031703,http://purl.obolibrary.org/obo/HP_0000356,http://purl.obolibrary.org/obo/HP_0000377,http://purl.obolibrary.org/obo/HP_0008605,,,
http://purl.obolibrary.org/obo/HP_0008608,Hypertrophic auricular cartilage,4,http://purl.obolibrary.org/obo/HP_0000598,http://purl.obolibrary.org/obo/HP_0031703,http://purl.obolibrary.org/obo/HP_0000356,http://purl.obolibrary.org/obo/HP_0000377,http://purl.obolibrary.org/obo/HP_0008608,,,
http://purl.obolibrary.org/obo/HP_0009738,Abnormal antihelix morphology,4,http://purl.obolibrary.org/obo/HP_0000598,http://purl.obolibrary.org/obo/HP_0031703,http://purl.obolibrary.org/obo/HP_0000356,http://purl.obolibrary.org/obo/HP_0000377,http://purl.obolibrary.org/obo/HP_0009738,,,
http://purl.obolibrary.org/obo/HP_0009893,Telangiectasia of the ear,4,http://purl.obolibrary.org/obo/HP_0000598,http://purl.obolibrary.org/obo/HP_0031703,http://purl.obolibrary.org/obo/HP_0000356,http://purl.obolibrary.org/obo/HP_0000377,http://purl.obolibrary.org/obo/HP_0009893,,,
http://purl.obolibrary.org/obo/HP_0009894,Thickened ears,4,http://purl.obolibrary.org/obo/HP_0000598,http://purl.obolibrary.org/obo/HP_0031703,http://purl.obolibrary.org/obo/HP_0000356,http://purl.obolibrary.org/obo/HP_0000377,http://purl.obolibrary.org/obo/HP_0009894,,,
http://purl.obolibrary.org/obo/HP_0009896,Abnormal antitragus morphology,4,http://purl.obolibrary.org/obo/HP_0000598,http://purl.obolibrary.org/obo/HP_0031703,http://purl.obolibrary.org/obo/HP_0000356,http://purl.obolibrary.org/obo/HP_0000377,http://purl.obolibrary.org/obo/HP_0009896,,,
http://purl.obolibrary.org/obo/HP_0009901,Crumpled ear,4,http://purl.obolibrary.org/obo/HP_0000598,http://purl.obolibrary.org/obo/HP_0031703,http://purl.obolibrary.org/obo/HP_0000356,http://purl.obolibrary.org/obo/HP_0000377,http://purl.obolibrary.org/obo/HP_0009901,,,
http://purl.obolibrary.org/obo/HP_0009912,Abnormal tragus morphology,4,http://purl.obolibrary.org/obo/HP_0000598,http://purl.obolibrary.org/obo/HP_0031703,http://purl.obolibrary.org/obo/HP_0000356,http://purl.obolibrary.org/obo/HP_0000377,http://purl.obolibrary.org/obo/HP_0009912,,,
http://purl.obolibrary.org/obo/HP_0010722,Asymmetry of the ears,4,http://purl.obolibrary.org/obo/HP_0000598,http://purl.obolibrary.org/obo/HP_0031703,http://purl.obolibrary.org/obo/HP_0000356,http://purl.obolibrary.org/obo/HP_0000377,http://purl.obolibrary.org/obo/HP_0010722,,,
http://purl.obolibrary.org/obo/HP_0010723,Cystic lesions of the pinnae,4,http://purl.obolibrary.org/obo/HP_0000598,http://purl.obolibrary.org/obo/HP_0031703,http://purl.obolibrary.org/obo/HP_0000356,http://purl.obolibrary.org/obo/HP_0000377,http://purl.obolibrary.org/obo/HP_0010723,,,
http://purl.obolibrary.org/obo/HP_0011039,Abnormal helix morphology,4,http://purl.obolibrary.org/obo/HP_0000598,http://purl.obolibrary.org/obo/HP_0031703,http://purl.obolibrary.org/obo/HP_0000356,http://purl.obolibrary.org/obo/HP_0000377,http://purl.obolibrary.org/obo/HP_0011039,,,
http://purl.obolibrary.org/obo/HP_0011252,Cryptotia,4,http://purl.obolibrary.org/obo/HP_0000598,http://purl.obolibrary.org/obo/HP_0031703,http://purl.obolibrary.org/obo/HP_0000356,http://purl.obolibrary.org/obo/HP_0000377,http://purl.obolibrary.org/obo/HP_0011252,,,
http://purl.obolibrary.org/obo/HP_0020206,Simple ear,4,http://purl.obolibrary.org/obo/HP_0000598,http://purl.obolibrary.org/obo/HP_0031703,http://purl.obolibrary.org/obo/HP_0000356,http://purl.obolibrary.org/obo/HP_0000377,http://purl.obolibrary.org/obo/HP_0020206,,,
http://purl.obolibrary.org/obo/HP_0030021,Auricular tag,4,http://purl.obolibrary.org/obo/HP_0000598,http://purl.obolibrary.org/obo/HP_0031703,http://purl.obolibrary.org/obo/HP_0000356,http://purl.obolibrary.org/obo/HP_0000377,http://purl.obolibrary.org/obo/HP_0030021,,,
http://purl.obolibrary.org/obo/HP_0030022,Question mark ear,4,http://purl.obolibrary.org/obo/HP_0000598,http://purl.obolibrary.org/obo/HP_0031703,http://purl.obolibrary.org/obo/HP_0000356,http://purl.obolibrary.org/obo/HP_0000377,http://purl.obolibrary.org/obo/HP_0030022,,,
http://purl.obolibrary.org/obo/HP_0030023,Quelprud nodule,4,http://purl.obolibrary.org/obo/HP_0000598,http://purl.obolibrary.org/obo/HP_0031703,http://purl.obolibrary.org/obo/HP_0000356,http://purl.obolibrary.org/obo/HP_0000377,http://purl.obolibrary.org/obo/HP_0030023,,,
http://purl.obolibrary.org/obo/HP_0030025,Auricular pit,4,http://purl.obolibrary.org/obo/HP_0000598,http://purl.obolibrary.org/obo/HP_0031703,http://purl.obolibrary.org/obo/HP_0000356,http://purl.obolibrary.org/obo/HP_0000377,http://purl.obolibrary.org/obo/HP_0030025,,,
http://purl.obolibrary.org/obo/HP_0030676,Satyr ear,4,http://purl.obolibrary.org/obo/HP_0000598,http://purl.obolibrary.org/obo/HP_0031703,http://purl.obolibrary.org/obo/HP_0000356,http://purl.obolibrary.org/obo/HP_0000377,http://purl.obolibrary.org/obo/HP_0030676,,,
http://purl.obolibrary.org/obo/HP_0030677,Mozart ear,4,http://purl.obolibrary.org/obo/HP_0000598,http://purl.obolibrary.org/obo/HP_0031703,http://purl.obolibrary.org/obo/HP_0000356,http://purl.obolibrary.org/obo/HP_0000377,http://purl.obolibrary.org/obo/HP_0030677,,,
http://purl.obolibrary.org/obo/HP_0040112,Abnormal number of tubercles,4,http://purl.obolibrary.org/obo/HP_0000598,http://purl.obolibrary.org/obo/HP_0031703,http://purl.obolibrary.org/obo/HP_0000356,http://purl.obolibrary.org/obo/HP_0000377,http://purl.obolibrary.org/obo/HP_0040112,,,
http://purl.obolibrary.org/obo/HP_0100687,Polyotia,4,http://purl.obolibrary.org/obo/HP_0000598,http://purl.obolibrary.org/obo/HP_0031703,http://purl.obolibrary.org/obo/HP_0000356,http://purl.obolibrary.org/obo/HP_0000377,http://purl.obolibrary.org/obo/HP_0100687,,,
http://purl.obolibrary.org/obo/HP_0100830,Round ear,4,http://purl.obolibrary.org/obo/HP_0000598,http://purl.obolibrary.org/obo/HP_0031703,http://purl.obolibrary.org/obo/HP_0000356,http://purl.obolibrary.org/obo/HP_0000377,http://purl.obolibrary.org/obo/HP_0100830,,,
http://purl.obolibrary.org/obo/HP_0200047,Chondritis of pinna,4,http://purl.obolibrary.org/obo/HP_0000598,http://purl.obolibrary.org/obo/HP_0031703,http://purl.obolibrary.org/obo/HP_0000356,http://purl.obolibrary.org/obo/HP_0000377,http://purl.obolibrary.org/obo/HP_0200047,,,
http://purl.obolibrary.org/obo/HP_0400002,Extra concha fold,4,http://purl.obolibrary.org/obo/HP_0000598,http://purl.obolibrary.org/obo/HP_0031703,http://purl.obolibrary.org/obo/HP_0000356,http://purl.obolibrary.org/obo/HP_0000377,http://purl.obolibrary.org/obo/HP_0400002,,,
http://purl.obolibrary.org/obo/HP_0400004,Long ear,4,http://purl.obolibrary.org/obo/HP_0000598,http://purl.obolibrary.org/obo/HP_0031703,http://purl.obolibrary.org/obo/HP_0000356,http://purl.obolibrary.org/obo/HP_0000377,http://purl.obolibrary.org/obo/HP_0400004,,,
http://purl.obolibrary.org/obo/HP_0400005,Short ear,4,http://purl.obolibrary.org/obo/HP_0000598,http://purl.obolibrary.org/obo/HP_0031703,http://purl.obolibrary.org/obo/HP_0000356,http://purl.obolibrary.org/obo/HP_0000377,http://purl.obolibrary.org/obo/HP_0400005,,,
http://purl.obolibrary.org/obo/HP_3000022,Abnormality of cartilage of external ear,4,http://purl.obolibrary.org/obo/HP_0000598,http://purl.obolibrary.org/obo/HP_0031703,http://purl.obolibrary.org/obo/HP_0000356,http://purl.obolibrary.org/obo/HP_0000377,http://purl.obolibrary.org/obo/HP_3000022,,,
http://purl.obolibrary.org/obo/HP_6000772,Auriculitis,4,http://purl.obolibrary.org/obo/HP_0000598,http://purl.obolibrary.org/obo/HP_0031703,http://purl.obolibrary.org/obo/HP_0000356,http://purl.obolibrary.org/obo/HP_0000377,http://purl.obolibrary.org/obo/HP_6000772,,,
http://purl.obolibrary.org/obo/HP_6000172,Tympanic membrane bulging,4,http://purl.obolibrary.org/obo/HP_0000598,http://purl.obolibrary.org/obo/HP_0031703,http://purl.obolibrary.org/obo/HP_0000356,http://purl.obolibrary.org/obo/HP_0040090,http://purl.obolibrary.org/obo/HP_6000172,,,
http://purl.obolibrary.org/obo/HP_6000183,Thickened tympanic membrane,4,http://purl.obolibrary.org/obo/HP_0000598,http://purl.obolibrary.org/obo/HP_0031703,http://purl.obolibrary.org/obo/HP_0000356,http://purl.obolibrary.org/obo/HP_0040090,http://purl.obolibrary.org/obo/HP_6000183,,,
http://purl.obolibrary.org/obo/HP_6000422,Tympanic membrane bulla,4,http://purl.obolibrary.org/obo/HP_0000598,http://purl.obolibrary.org/obo/HP_0031703,http://purl.obolibrary.org/obo/HP_0000356,http://purl.obolibrary.org/obo/HP_0040090,http://purl.obolibrary.org/obo/HP_6000422,,,
http://purl.obolibrary.org/obo/HP_6000459,Retracted tympanic membrane,4,http://purl.obolibrary.org/obo/HP_0000598,http://purl.obolibrary.org/obo/HP_0031703,http://purl.obolibrary.org/obo/HP_0000356,http://purl.obolibrary.org/obo/HP_0040090,http://purl.obolibrary.org/obo/HP_6000459,,,
http://purl.obolibrary.org/obo/HP_0040097,Neoplasm of the ceruminal gland,4,http://purl.obolibrary.org/obo/HP_0000598,http://purl.obolibrary.org/obo/HP_0031703,http://purl.obolibrary.org/obo/HP_0000356,http://purl.obolibrary.org/obo/HP_0040095,http://purl.obolibrary.org/obo/HP_0040097,,,
http://purl.obolibrary.org/obo/HP_0040098,Basalioma of the outer ear,4,http://purl.obolibrary.org/obo/HP_0000598,http://purl.obolibrary.org/obo/HP_0031703,http://purl.obolibrary.org/obo/HP_0000356,http://purl.obolibrary.org/obo/HP_0040095,http://purl.obolibrary.org/obo/HP_0040098,,,
http://purl.obolibrary.org/obo/HP_0000375,Abnormal cochlea morphology,4,http://purl.obolibrary.org/obo/HP_0000598,http://purl.obolibrary.org/obo/HP_0031703,http://purl.obolibrary.org/obo/HP_0000359,http://purl.obolibrary.org/obo/HP_0011390,http://purl.obolibrary.org/obo/HP_0000375,,,
http://purl.obolibrary.org/obo/HP_0011376,Abnormal morphology of the vestibule of the inner ear,4,http://purl.obolibrary.org/obo/HP_0000598,http://purl.obolibrary.org/obo/HP_0031703,http://purl.obolibrary.org/obo/HP_0000359,http://purl.obolibrary.org/obo/HP_0011390,http://purl.obolibrary.org/obo/HP_0011376,,,
http://purl.obolibrary.org/obo/HP_0011384,Abnormality of the internal auditory canal,4,http://purl.obolibrary.org/obo/HP_0000598,http://purl.obolibrary.org/obo/HP_0031703,http://purl.obolibrary.org/obo/HP_0000359,http://purl.obolibrary.org/obo/HP_0011390,http://purl.obolibrary.org/obo/HP_0011384,,,
http://purl.obolibrary.org/obo/HP_0011391,Abnormal inner ear nerve morphology,4,http://purl.obolibrary.org/obo/HP_0000598,http://purl.obolibrary.org/obo/HP_0031703,http://purl.obolibrary.org/obo/HP_0000359,http://purl.obolibrary.org/obo/HP_0011390,http://purl.obolibrary.org/obo/HP_0011391,,,
http://purl.obolibrary.org/obo/HP_3000002,Abnormal inner ear epithelium morphology,4,http://purl.obolibrary.org/obo/HP_0000598,http://purl.obolibrary.org/obo/HP_0031703,http://purl.obolibrary.org/obo/HP_0000359,http://purl.obolibrary.org/obo/HP_0011390,http://purl.obolibrary.org/obo/HP_3000002,,,
http://purl.obolibrary.org/obo/HP_0009588,Vestibular schwannoma,4,http://purl.obolibrary.org/obo/HP_0000598,http://purl.obolibrary.org/obo/HP_0031703,http://purl.obolibrary.org/obo/HP_0000359,http://purl.obolibrary.org/obo/HP_0040096,http://purl.obolibrary.org/obo/HP_0009588,,,
http://purl.obolibrary.org/obo/HP_0030393,Endolymphatic sac tumor,4,http://purl.obolibrary.org/obo/HP_0000598,http://purl.obolibrary.org/obo/HP_0031703,http://purl.obolibrary.org/obo/HP_0000359,http://purl.obolibrary.org/obo/HP_0040096,http://purl.obolibrary.org/obo/HP_0030393,,,
http://purl.obolibrary.org/obo/HP_0000388,Otitis media,4,http://purl.obolibrary.org/obo/HP_0000598,http://purl.obolibrary.org/obo/HP_0031703,http://purl.obolibrary.org/obo/HP_0000370,http://purl.obolibrary.org/obo/HP_0008609,http://purl.obolibrary.org/obo/HP_0000388,,,
http://purl.obolibrary.org/obo/HP_0004452,Abnormality of the middle ear ossicles,4,http://purl.obolibrary.org/obo/HP_0000598,http://purl.obolibrary.org/obo/HP_0031703,http://purl.obolibrary.org/obo/HP_0000370,http://purl.obolibrary.org/obo/HP_0008609,http://purl.obolibrary.org/obo/HP_0004452,,,
http://purl.obolibrary.org/obo/HP_0009797,Cholesteatoma,4,http://purl.obolibrary.org/obo/HP_0000598,http://purl.obolibrary.org/obo/HP_0031703,http://purl.obolibrary.org/obo/HP_0000370,http://purl.obolibrary.org/obo/HP_0008609,http://purl.obolibrary.org/obo/HP_0009797,,,
http://purl.obolibrary.org/obo/HP_0011475,Persistent stapedial artery,4,http://purl.obolibrary.org/obo/HP_0000598,http://purl.obolibrary.org/obo/HP_0031703,http://purl.obolibrary.org/obo/HP_0000370,http://purl.obolibrary.org/obo/HP_0008609,http://purl.obolibrary.org/obo/HP_0011475,,,
http://purl.obolibrary.org/obo/HP_0020123,Tympanosclerosis,4,http://purl.obolibrary.org/obo/HP_0000598,http://purl.obolibrary.org/obo/HP_0031703,http://purl.obolibrary.org/obo/HP_0000370,http://purl.obolibrary.org/obo/HP_0008609,http://purl.obolibrary.org/obo/HP_0020123,,,
http://purl.obolibrary.org/obo/HP_0000405,Conductive hearing impairment,4,http://purl.obolibrary.org/obo/HP_0000598,http://purl.obolibrary.org/obo/HP_0031703,http://purl.obolibrary.org/obo/HP_0000370,http://purl.obolibrary.org/obo/HP_0011452,http://purl.obolibrary.org/obo/HP_0000405,,,
http://purl.obolibrary.org/obo/HP_0004454,Abnormal middle ear reflexes,4,http://purl.obolibrary.org/obo/HP_0000598,http://purl.obolibrary.org/obo/HP_0031703,http://purl.obolibrary.org/obo/HP_0000370,http://purl.obolibrary.org/obo/HP_0011452,http://purl.obolibrary.org/obo/HP_0004454,,,
http://purl.obolibrary.org/obo/HP_0040116,Aplasia of the Eustachian tube,4,http://purl.obolibrary.org/obo/HP_0000598,http://purl.obolibrary.org/obo/HP_0031703,http://purl.obolibrary.org/obo/HP_0000370,http://purl.obolibrary.org/obo/HP_0040115,http://purl.obolibrary.org/obo/HP_0040116,,,
http://purl.obolibrary.org/obo/HP_0040117,Atresia of the Eustachian tube,4,http://purl.obolibrary.org/obo/HP_0000598,http://purl.obolibrary.org/obo/HP_0031703,http://purl.obolibrary.org/obo/HP_0000370,http://purl.obolibrary.org/obo/HP_0040115,http://purl.obolibrary.org/obo/HP_0040117,,,
http://purl.obolibrary.org/obo/HP_0040118,Stenosis of the Eustachian tube,4,http://purl.obolibrary.org/obo/HP_0000598,http://purl.obolibrary.org/obo/HP_0031703,http://purl.obolibrary.org/obo/HP_0000370,http://purl.obolibrary.org/obo/HP_0040115,http://purl.obolibrary.org/obo/HP_0040118,,,
http://purl.obolibrary.org/obo/HP_0040269,Blocked Eustachian tube,4,http://purl.obolibrary.org/obo/HP_0000598,http://purl.obolibrary.org/obo/HP_0031703,http://purl.obolibrary.org/obo/HP_0000370,http://purl.obolibrary.org/obo/HP_0040115,http://purl.obolibrary.org/obo/HP_0040269,,,
http://purl.obolibrary.org/obo/HP_0008551,Microtia,4,http://purl.obolibrary.org/obo/HP_0000598,http://purl.obolibrary.org/obo/HP_0031703,http://purl.obolibrary.org/obo/HP_0008771,http://purl.obolibrary.org/obo/HP_0008772,http://purl.obolibrary.org/obo/HP_0008551,,,
http://purl.obolibrary.org/obo/HP_0009892,Anotia,4,http://purl.obolibrary.org/obo/HP_0000598,http://purl.obolibrary.org/obo/HP_0031703,http://purl.obolibrary.org/obo/HP_0008771,http://purl.obolibrary.org/obo/HP_0008772,http://purl.obolibrary.org/obo/HP_0009892,,,
http://purl.obolibrary.org/obo/HP_0100720,Hypoplasia of the ear cartilage,4,http://purl.obolibrary.org/obo/HP_0000598,http://purl.obolibrary.org/obo/HP_0031703,http://purl.obolibrary.org/obo/HP_0008771,http://purl.obolibrary.org/obo/HP_0008772,http://purl.obolibrary.org/obo/HP_0100720,,,
http://purl.obolibrary.org/obo/HP_0400003,Focal absence of the external ear,4,http://purl.obolibrary.org/obo/HP_0000598,http://purl.obolibrary.org/obo/HP_0031703,http://purl.obolibrary.org/obo/HP_0008771,http://purl.obolibrary.org/obo/HP_0008772,http://purl.obolibrary.org/obo/HP_0400003,,,
http://purl.obolibrary.org/obo/HP_0011372,Aplasia of the inner ear,4,http://purl.obolibrary.org/obo/HP_0000598,http://purl.obolibrary.org/obo/HP_0031703,http://purl.obolibrary.org/obo/HP_0008771,http://purl.obolibrary.org/obo/HP_0008774,http://purl.obolibrary.org/obo/HP_0011372,,,
http://purl.obolibrary.org/obo/HP_0011395,Aplasia/Hypoplasia of the cochlea,4,http://purl.obolibrary.org/obo/HP_0000598,http://purl.obolibrary.org/obo/HP_0031703,http://purl.obolibrary.org/obo/HP_0008771,http://purl.obolibrary.org/obo/HP_0008774,http://purl.obolibrary.org/obo/HP_0011395,,,
http://purl.obolibrary.org/obo/HP_0008629,Pulsatile tinnitus,4,http://purl.obolibrary.org/obo/HP_0000598,http://purl.obolibrary.org/obo/HP_0031704,http://purl.obolibrary.org/obo/HP_0000364,http://purl.obolibrary.org/obo/HP_0000360,http://purl.obolibrary.org/obo/HP_0008629,,,
http://purl.obolibrary.org/obo/HP_0034424,Clicking tinnitus,4,http://purl.obolibrary.org/obo/HP_0000598,http://purl.obolibrary.org/obo/HP_0031704,http://purl.obolibrary.org/obo/HP_0000364,http://purl.obolibrary.org/obo/HP_0000360,http://purl.obolibrary.org/obo/HP_0034424,,,
http://purl.obolibrary.org/obo/HP_0001730,Progressive hearing impairment,4,http://purl.obolibrary.org/obo/HP_0000598,http://purl.obolibrary.org/obo/HP_0031704,http://purl.obolibrary.org/obo/HP_0000364,http://purl.obolibrary.org/obo/HP_0000365,http://purl.obolibrary.org/obo/HP_0001730,,,
http://purl.obolibrary.org/obo/HP_0005101,High-frequency hearing impairment,4,http://purl.obolibrary.org/obo/HP_0000598,http://purl.obolibrary.org/obo/HP_0031704,http://purl.obolibrary.org/obo/HP_0000364,http://purl.obolibrary.org/obo/HP_0000365,http://purl.obolibrary.org/obo/HP_0005101,,,
http://purl.obolibrary.org/obo/HP_0008542,Low-frequency hearing loss,4,http://purl.obolibrary.org/obo/HP_0000598,http://purl.obolibrary.org/obo/HP_0031704,http://purl.obolibrary.org/obo/HP_0000364,http://purl.obolibrary.org/obo/HP_0000365,http://purl.obolibrary.org/obo/HP_0008542,,,
http://purl.obolibrary.org/obo/HP_0009900,Unilateral deafness,4,http://purl.obolibrary.org/obo/HP_0000598,http://purl.obolibrary.org/obo/HP_0031704,http://purl.obolibrary.org/obo/HP_0000364,http://purl.obolibrary.org/obo/HP_0000365,http://purl.obolibrary.org/obo/HP_0009900,,,
http://purl.obolibrary.org/obo/HP_0011975,Aminoglycoside-induced hearing loss,4,http://purl.obolibrary.org/obo/HP_0000598,http://purl.obolibrary.org/obo/HP_0031704,http://purl.obolibrary.org/obo/HP_0000364,http://purl.obolibrary.org/obo/HP_0000365,http://purl.obolibrary.org/obo/HP_0011975,,,
http://purl.obolibrary.org/obo/HP_0012712,Mild hearing impairment,4,http://purl.obolibrary.org/obo/HP_0000598,http://purl.obolibrary.org/obo/HP_0031704,http://purl.obolibrary.org/obo/HP_0000364,http://purl.obolibrary.org/obo/HP_0000365,http://purl.obolibrary.org/obo/HP_0012712,,,
http://purl.obolibrary.org/obo/HP_0012713,Moderate hearing impairment,4,http://purl.obolibrary.org/obo/HP_0000598,http://purl.obolibrary.org/obo/HP_0031704,http://purl.obolibrary.org/obo/HP_0000364,http://purl.obolibrary.org/obo/HP_0000365,http://purl.obolibrary.org/obo/HP_0012713,,,
http://purl.obolibrary.org/obo/HP_0012714,Severe hearing impairment,4,http://purl.obolibrary.org/obo/HP_0000598,http://purl.obolibrary.org/obo/HP_0031704,http://purl.obolibrary.org/obo/HP_0000364,http://purl.obolibrary.org/obo/HP_0000365,http://purl.obolibrary.org/obo/HP_0012714,,,
http://purl.obolibrary.org/obo/HP_0012715,Profound hearing impairment,4,http://purl.obolibrary.org/obo/HP_0000598,http://purl.obolibrary.org/obo/HP_0031704,http://purl.obolibrary.org/obo/HP_0000364,http://purl.obolibrary.org/obo/HP_0000365,http://purl.obolibrary.org/obo/HP_0012715,,,
http://purl.obolibrary.org/obo/HP_0012779,Transient hearing impairment,4,http://purl.obolibrary.org/obo/HP_0000598,http://purl.obolibrary.org/obo/HP_0031704,http://purl.obolibrary.org/obo/HP_0000364,http://purl.obolibrary.org/obo/HP_0000365,http://purl.obolibrary.org/obo/HP_0012779,,,
http://purl.obolibrary.org/obo/HP_0012781,Mid-frequency hearing loss,4,http://purl.obolibrary.org/obo/HP_0000598,http://purl.obolibrary.org/obo/HP_0031704,http://purl.obolibrary.org/obo/HP_0000364,http://purl.obolibrary.org/obo/HP_0000365,http://purl.obolibrary.org/obo/HP_0012781,,,
http://purl.obolibrary.org/obo/HP_0000408,Progressive sensorineural hearing impairment,4,http://purl.obolibrary.org/obo/HP_0000598,http://purl.obolibrary.org/obo/HP_0031704,http://purl.obolibrary.org/obo/HP_0011389,http://purl.obolibrary.org/obo/HP_0000407,http://purl.obolibrary.org/obo/HP_0000408,,,
http://purl.obolibrary.org/obo/HP_0000410,Mixed hearing impairment,4,http://purl.obolibrary.org/obo/HP_0000598,http://purl.obolibrary.org/obo/HP_0031704,http://purl.obolibrary.org/obo/HP_0011389,http://purl.obolibrary.org/obo/HP_0000407,http://purl.obolibrary.org/obo/HP_0000410,,,
http://purl.obolibrary.org/obo/HP_0001757,High-frequency sensorineural hearing impairment,4,http://purl.obolibrary.org/obo/HP_0000598,http://purl.obolibrary.org/obo/HP_0031704,http://purl.obolibrary.org/obo/HP_0011389,http://purl.obolibrary.org/obo/HP_0000407,http://purl.obolibrary.org/obo/HP_0001757,,,
http://purl.obolibrary.org/obo/HP_0008504,Moderate sensorineural hearing impairment,4,http://purl.obolibrary.org/obo/HP_0000598,http://purl.obolibrary.org/obo/HP_0031704,http://purl.obolibrary.org/obo/HP_0011389,http://purl.obolibrary.org/obo/HP_0000407,http://purl.obolibrary.org/obo/HP_0008504,,,
http://purl.obolibrary.org/obo/HP_0008527,Congenital sensorineural hearing impairment,4,http://purl.obolibrary.org/obo/HP_0000598,http://purl.obolibrary.org/obo/HP_0031704,http://purl.obolibrary.org/obo/HP_0011389,http://purl.obolibrary.org/obo/HP_0000407,http://purl.obolibrary.org/obo/HP_0008527,,,
http://purl.obolibrary.org/obo/HP_0008573,Low-frequency sensorineural hearing impairment,4,http://purl.obolibrary.org/obo/HP_0000598,http://purl.obolibrary.org/obo/HP_0031704,http://purl.obolibrary.org/obo/HP_0011389,http://purl.obolibrary.org/obo/HP_0000407,http://purl.obolibrary.org/obo/HP_0008573,,,
http://purl.obolibrary.org/obo/HP_0008587,Mild neurosensory hearing impairment,4,http://purl.obolibrary.org/obo/HP_0000598,http://purl.obolibrary.org/obo/HP_0031704,http://purl.obolibrary.org/obo/HP_0011389,http://purl.obolibrary.org/obo/HP_0000407,http://purl.obolibrary.org/obo/HP_0008587,,,
http://purl.obolibrary.org/obo/HP_0008615,Adult onset sensorineural hearing impairment,4,http://purl.obolibrary.org/obo/HP_0000598,http://purl.obolibrary.org/obo/HP_0031704,http://purl.obolibrary.org/obo/HP_0011389,http://purl.obolibrary.org/obo/HP_0000407,http://purl.obolibrary.org/obo/HP_0008615,,,
http://purl.obolibrary.org/obo/HP_0008619,Bilateral sensorineural hearing impairment,4,http://purl.obolibrary.org/obo/HP_0000598,http://purl.obolibrary.org/obo/HP_0031704,http://purl.obolibrary.org/obo/HP_0011389,http://purl.obolibrary.org/obo/HP_0000407,http://purl.obolibrary.org/obo/HP_0008619,,,
http://purl.obolibrary.org/obo/HP_0008625,Severe sensorineural hearing impairment,4,http://purl.obolibrary.org/obo/HP_0000598,http://purl.obolibrary.org/obo/HP_0031704,http://purl.obolibrary.org/obo/HP_0011389,http://purl.obolibrary.org/obo/HP_0000407,http://purl.obolibrary.org/obo/HP_0008625,,,
http://purl.obolibrary.org/obo/HP_0011474,Childhood onset sensorineural hearing impairment,4,http://purl.obolibrary.org/obo/HP_0000598,http://purl.obolibrary.org/obo/HP_0031704,http://purl.obolibrary.org/obo/HP_0011389,http://purl.obolibrary.org/obo/HP_0000407,http://purl.obolibrary.org/obo/HP_0011474,,,
http://purl.obolibrary.org/obo/HP_0011476,Profound sensorineural hearing impairment,4,http://purl.obolibrary.org/obo/HP_0000598,http://purl.obolibrary.org/obo/HP_0031704,http://purl.obolibrary.org/obo/HP_0011389,http://purl.obolibrary.org/obo/HP_0000407,http://purl.obolibrary.org/obo/HP_0011476,,,
http://purl.obolibrary.org/obo/HP_0040113,Old-aged sensorineural hearing impairment,4,http://purl.obolibrary.org/obo/HP_0000598,http://purl.obolibrary.org/obo/HP_0031704,http://purl.obolibrary.org/obo/HP_0011389,http://purl.obolibrary.org/obo/HP_0000407,http://purl.obolibrary.org/obo/HP_0040113,,,
http://purl.obolibrary.org/obo/HP_0001756,Vestibular hyporeflexia,4,http://purl.obolibrary.org/obo/HP_0000598,http://purl.obolibrary.org/obo/HP_0031704,http://purl.obolibrary.org/obo/HP_0011389,http://purl.obolibrary.org/obo/HP_0001751,http://purl.obolibrary.org/obo/HP_0001756,,,
http://purl.obolibrary.org/obo/HP_0002321,Vertigo,4,http://purl.obolibrary.org/obo/HP_0000598,http://purl.obolibrary.org/obo/HP_0031704,http://purl.obolibrary.org/obo/HP_0011389,http://purl.obolibrary.org/obo/HP_0001751,http://purl.obolibrary.org/obo/HP_0002321,,,
http://purl.obolibrary.org/obo/HP_0007670,Abnormal vestibulo-ocular reflex,4,http://purl.obolibrary.org/obo/HP_0000598,http://purl.obolibrary.org/obo/HP_0031704,http://purl.obolibrary.org/obo/HP_0011389,http://purl.obolibrary.org/obo/HP_0001751,http://purl.obolibrary.org/obo/HP_0007670,,,
http://purl.obolibrary.org/obo/HP_4000032,False perception of self-motion,4,http://purl.obolibrary.org/obo/HP_0000598,http://purl.obolibrary.org/obo/HP_0031704,http://purl.obolibrary.org/obo/HP_0011389,http://purl.obolibrary.org/obo/HP_0001751,http://purl.obolibrary.org/obo/HP_4000032,,,
http://purl.obolibrary.org/obo/HP_4000033,Non-spinning vertigo,4,http://purl.obolibrary.org/obo/HP_0000598,http://purl.obolibrary.org/obo/HP_0031704,http://purl.obolibrary.org/obo/HP_0011389,http://purl.obolibrary.org/obo/HP_0001751,http://purl.obolibrary.org/obo/HP_4000033,,,
http://purl.obolibrary.org/obo/HP_6001104,Abnormal vestibulo-spinal reflex,4,http://purl.obolibrary.org/obo/HP_0000598,http://purl.obolibrary.org/obo/HP_0031704,http://purl.obolibrary.org/obo/HP_0011389,http://purl.obolibrary.org/obo/HP_0001751,http://purl.obolibrary.org/obo/HP_6001104,,,
http://purl.obolibrary.org/obo/HP_0008588,Slit-like opening of the exterior auditory meatus,5,http://purl.obolibrary.org/obo/HP_0000598,http://purl.obolibrary.org/obo/HP_0031703,http://purl.obolibrary.org/obo/HP_0000356,http://purl.obolibrary.org/obo/HP_0000372,http://purl.obolibrary.org/obo/HP_0000402,http://purl.obolibrary.org/obo/HP_0008588,,
http://purl.obolibrary.org/obo/HP_0040103,Cutaneous stenosis of the external auditory canal,5,http://purl.obolibrary.org/obo/HP_0000598,http://purl.obolibrary.org/obo/HP_0031703,http://purl.obolibrary.org/obo/HP_0000356,http://purl.obolibrary.org/obo/HP_0000372,http://purl.obolibrary.org/obo/HP_0000402,http://purl.obolibrary.org/obo/HP_0040103,,
http://purl.obolibrary.org/obo/HP_0040104,Osseous stenosis of the external auditory canal,5,http://purl.obolibrary.org/obo/HP_0000598,http://purl.obolibrary.org/obo/HP_0031703,http://purl.obolibrary.org/obo/HP_0000356,http://purl.obolibrary.org/obo/HP_0000372,http://purl.obolibrary.org/obo/HP_0000402,http://purl.obolibrary.org/obo/HP_0040104,,
http://purl.obolibrary.org/obo/HP_0040101,Cutaneous atresia of the external auditory canal,5,http://purl.obolibrary.org/obo/HP_0000598,http://purl.obolibrary.org/obo/HP_0031703,http://purl.obolibrary.org/obo/HP_0000356,http://purl.obolibrary.org/obo/HP_0000372,http://purl.obolibrary.org/obo/HP_0000413,http://purl.obolibrary.org/obo/HP_0040101,,
http://purl.obolibrary.org/obo/HP_0040102,Osseous atresia of the external auditory canal,5,http://purl.obolibrary.org/obo/HP_0000598,http://purl.obolibrary.org/obo/HP_0031703,http://purl.obolibrary.org/obo/HP_0000356,http://purl.obolibrary.org/obo/HP_0000372,http://purl.obolibrary.org/obo/HP_0000413,http://purl.obolibrary.org/obo/HP_0040102,,
http://purl.obolibrary.org/obo/HP_0030788,Impacted cerumen,5,http://purl.obolibrary.org/obo/HP_0000598,http://purl.obolibrary.org/obo/HP_0031703,http://purl.obolibrary.org/obo/HP_0000356,http://purl.obolibrary.org/obo/HP_0000372,http://purl.obolibrary.org/obo/HP_0030787,http://purl.obolibrary.org/obo/HP_0030788,,
http://purl.obolibrary.org/obo/HP_0030789,Excessive cerumen,5,http://purl.obolibrary.org/obo/HP_0000598,http://purl.obolibrary.org/obo/HP_0031703,http://purl.obolibrary.org/obo/HP_0000356,http://purl.obolibrary.org/obo/HP_0000372,http://purl.obolibrary.org/obo/HP_0030787,http://purl.obolibrary.org/obo/HP_0030789,,
http://purl.obolibrary.org/obo/HP_0030790,Abnormal cerumen color,5,http://purl.obolibrary.org/obo/HP_0000598,http://purl.obolibrary.org/obo/HP_0031703,http://purl.obolibrary.org/obo/HP_0000356,http://purl.obolibrary.org/obo/HP_0000372,http://purl.obolibrary.org/obo/HP_0030787,http://purl.obolibrary.org/obo/HP_0030790,,
http://purl.obolibrary.org/obo/HP_0000358,Posteriorly rotated ears,5,http://purl.obolibrary.org/obo/HP_0000598,http://purl.obolibrary.org/obo/HP_0031703,http://purl.obolibrary.org/obo/HP_0000356,http://purl.obolibrary.org/obo/HP_0000377,http://purl.obolibrary.org/obo/HP_0000357,http://purl.obolibrary.org/obo/HP_0000358,,
http://purl.obolibrary.org/obo/HP_0000369,Low-set ears,5,http://purl.obolibrary.org/obo/HP_0000598,http://purl.obolibrary.org/obo/HP_0031703,http://purl.obolibrary.org/obo/HP_0000356,http://purl.obolibrary.org/obo/HP_0000377,http://purl.obolibrary.org/obo/HP_0000357,http://purl.obolibrary.org/obo/HP_0000369,,
http://purl.obolibrary.org/obo/HP_0008541,Superiorly displaced ears,5,http://purl.obolibrary.org/obo/HP_0000598,http://purl.obolibrary.org/obo/HP_0031703,http://purl.obolibrary.org/obo/HP_0000356,http://purl.obolibrary.org/obo/HP_0000377,http://purl.obolibrary.org/obo/HP_0000357,http://purl.obolibrary.org/obo/HP_0008541,,
http://purl.obolibrary.org/obo/HP_0040080,Anteverted ears,5,http://purl.obolibrary.org/obo/HP_0000598,http://purl.obolibrary.org/obo/HP_0031703,http://purl.obolibrary.org/obo/HP_0000356,http://purl.obolibrary.org/obo/HP_0000377,http://purl.obolibrary.org/obo/HP_0000357,http://purl.obolibrary.org/obo/HP_0040080,,
http://purl.obolibrary.org/obo/HP_0100663,Synotia,5,http://purl.obolibrary.org/obo/HP_0000598,http://purl.obolibrary.org/obo/HP_0031703,http://purl.obolibrary.org/obo/HP_0000356,http://purl.obolibrary.org/obo/HP_0000377,http://purl.obolibrary.org/obo/HP_0000357,http://purl.obolibrary.org/obo/HP_0100663,,
http://purl.obolibrary.org/obo/HP_0004461,Congenital earlobe sinuses,5,http://purl.obolibrary.org/obo/HP_0000598,http://purl.obolibrary.org/obo/HP_0031703,http://purl.obolibrary.org/obo/HP_0000356,http://purl.obolibrary.org/obo/HP_0000377,http://purl.obolibrary.org/obo/HP_0000363,http://purl.obolibrary.org/obo/HP_0004461,,
http://purl.obolibrary.org/obo/HP_0009748,Large earlobe,5,http://purl.obolibrary.org/obo/HP_0000598,http://purl.obolibrary.org/obo/HP_0031703,http://purl.obolibrary.org/obo/HP_0000356,http://purl.obolibrary.org/obo/HP_0000377,http://purl.obolibrary.org/obo/HP_0000363,http://purl.obolibrary.org/obo/HP_0009748,,
http://purl.obolibrary.org/obo/HP_0009906,Aplasia/Hypoplasia of the earlobes,5,http://purl.obolibrary.org/obo/HP_0000598,http://purl.obolibrary.org/obo/HP_0031703,http://purl.obolibrary.org/obo/HP_0000356,http://purl.obolibrary.org/obo/HP_0000377,http://purl.obolibrary.org/obo/HP_0000363,http://purl.obolibrary.org/obo/HP_0009906,,
http://purl.obolibrary.org/obo/HP_0009907,Attached earlobe,5,http://purl.obolibrary.org/obo/HP_0000598,http://purl.obolibrary.org/obo/HP_0031703,http://purl.obolibrary.org/obo/HP_0000356,http://purl.obolibrary.org/obo/HP_0000377,http://purl.obolibrary.org/obo/HP_0000363,http://purl.obolibrary.org/obo/HP_0009907,,
http://purl.obolibrary.org/obo/HP_0009908,Anterior creases of earlobe,5,http://purl.obolibrary.org/obo/HP_0000598,http://purl.obolibrary.org/obo/HP_0031703,http://purl.obolibrary.org/obo/HP_0000356,http://purl.obolibrary.org/obo/HP_0000377,http://purl.obolibrary.org/obo/HP_0000363,http://purl.obolibrary.org/obo/HP_0009908,,
http://purl.obolibrary.org/obo/HP_0009909,Uplifted earlobe,5,http://purl.obolibrary.org/obo/HP_0000598,http://purl.obolibrary.org/obo/HP_0031703,http://purl.obolibrary.org/obo/HP_0000356,http://purl.obolibrary.org/obo/HP_0000377,http://purl.obolibrary.org/obo/HP_0000363,http://purl.obolibrary.org/obo/HP_0009909,,
http://purl.obolibrary.org/obo/HP_0011263,Forward facing earlobe,5,http://purl.obolibrary.org/obo/HP_0000598,http://purl.obolibrary.org/obo/HP_0031703,http://purl.obolibrary.org/obo/HP_0000356,http://purl.obolibrary.org/obo/HP_0000377,http://purl.obolibrary.org/obo/HP_0000363,http://purl.obolibrary.org/obo/HP_0011263,,
http://purl.obolibrary.org/obo/HP_0011265,Cleft earlobe,5,http://purl.obolibrary.org/obo/HP_0000598,http://purl.obolibrary.org/obo/HP_0031703,http://purl.obolibrary.org/obo/HP_0000356,http://purl.obolibrary.org/obo/HP_0000377,http://purl.obolibrary.org/obo/HP_0000363,http://purl.obolibrary.org/obo/HP_0011265,,
http://purl.obolibrary.org/obo/HP_0031510,Linear earlobe crease,5,http://purl.obolibrary.org/obo/HP_0000598,http://purl.obolibrary.org/obo/HP_0031703,http://purl.obolibrary.org/obo/HP_0000356,http://purl.obolibrary.org/obo/HP_0000377,http://purl.obolibrary.org/obo/HP_0000363,http://purl.obolibrary.org/obo/HP_0031510,,
http://purl.obolibrary.org/obo/HP_0031511,Diagonal earlobe crease,5,http://purl.obolibrary.org/obo/HP_0000598,http://purl.obolibrary.org/obo/HP_0031703,http://purl.obolibrary.org/obo/HP_0000356,http://purl.obolibrary.org/obo/HP_0000377,http://purl.obolibrary.org/obo/HP_0000363,http://purl.obolibrary.org/obo/HP_0031511,,
http://purl.obolibrary.org/obo/HP_0002265,Large fleshy ears,5,http://purl.obolibrary.org/obo/HP_0000598,http://purl.obolibrary.org/obo/HP_0031703,http://purl.obolibrary.org/obo/HP_0000356,http://purl.obolibrary.org/obo/HP_0000377,http://purl.obolibrary.org/obo/HP_0000400,http://purl.obolibrary.org/obo/HP_0002265,,
http://purl.obolibrary.org/obo/HP_0000395,Prominent antihelix,5,http://purl.obolibrary.org/obo/HP_0000598,http://purl.obolibrary.org/obo/HP_0031703,http://purl.obolibrary.org/obo/HP_0000356,http://purl.obolibrary.org/obo/HP_0000377,http://purl.obolibrary.org/obo/HP_0009738,http://purl.obolibrary.org/obo/HP_0000395,,
http://purl.obolibrary.org/obo/HP_0009739,Hypoplasia of the antihelix,5,http://purl.obolibrary.org/obo/HP_0000598,http://purl.obolibrary.org/obo/HP_0031703,http://purl.obolibrary.org/obo/HP_0000356,http://purl.obolibrary.org/obo/HP_0000377,http://purl.obolibrary.org/obo/HP_0009738,http://purl.obolibrary.org/obo/HP_0009739,,
http://purl.obolibrary.org/obo/HP_0011233,Antihelical shelf,5,http://purl.obolibrary.org/obo/HP_0000598,http://purl.obolibrary.org/obo/HP_0031703,http://purl.obolibrary.org/obo/HP_0000356,http://purl.obolibrary.org/obo/HP_0000377,http://purl.obolibrary.org/obo/HP_0009738,http://purl.obolibrary.org/obo/HP_0011233,,
http://purl.obolibrary.org/obo/HP_0011234,Absent antihelix,5,http://purl.obolibrary.org/obo/HP_0000598,http://purl.obolibrary.org/obo/HP_0031703,http://purl.obolibrary.org/obo/HP_0000356,http://purl.obolibrary.org/obo/HP_0000377,http://purl.obolibrary.org/obo/HP_0009738,http://purl.obolibrary.org/obo/HP_0011234,,
http://purl.obolibrary.org/obo/HP_0011235,Additional crus of antihelix,5,http://purl.obolibrary.org/obo/HP_0000598,http://purl.obolibrary.org/obo/HP_0031703,http://purl.obolibrary.org/obo/HP_0000356,http://purl.obolibrary.org/obo/HP_0000377,http://purl.obolibrary.org/obo/HP_0009738,http://purl.obolibrary.org/obo/HP_0011235,,
http://purl.obolibrary.org/obo/HP_0011236,Angulated antihelix,5,http://purl.obolibrary.org/obo/HP_0000598,http://purl.obolibrary.org/obo/HP_0031703,http://purl.obolibrary.org/obo/HP_0000356,http://purl.obolibrary.org/obo/HP_0000377,http://purl.obolibrary.org/obo/HP_0009738,http://purl.obolibrary.org/obo/HP_0011236,,
http://purl.obolibrary.org/obo/HP_0011243,Abnormality of inferior crus of antihelix,5,http://purl.obolibrary.org/obo/HP_0000598,http://purl.obolibrary.org/obo/HP_0031703,http://purl.obolibrary.org/obo/HP_0000356,http://purl.obolibrary.org/obo/HP_0000377,http://purl.obolibrary.org/obo/HP_0009738,http://purl.obolibrary.org/obo/HP_0011243,,
http://purl.obolibrary.org/obo/HP_0011244,Abnormality of stem of antihelix,5,http://purl.obolibrary.org/obo/HP_0000598,http://purl.obolibrary.org/obo/HP_0031703,http://purl.obolibrary.org/obo/HP_0000356,http://purl.obolibrary.org/obo/HP_0000377,http://purl.obolibrary.org/obo/HP_0009738,http://purl.obolibrary.org/obo/HP_0011244,,
http://purl.obolibrary.org/obo/HP_0011245,Abnormality of superior crus of antihelix,5,http://purl.obolibrary.org/obo/HP_0000598,http://purl.obolibrary.org/obo/HP_0031703,http://purl.obolibrary.org/obo/HP_0000356,http://purl.obolibrary.org/obo/HP_0000377,http://purl.obolibrary.org/obo/HP_0009738,http://purl.obolibrary.org/obo/HP_0011245,,
http://purl.obolibrary.org/obo/HP_0008593,Prominent antitragus,5,http://purl.obolibrary.org/obo/HP_0000598,http://purl.obolibrary.org/obo/HP_0031703,http://purl.obolibrary.org/obo/HP_0000356,http://purl.obolibrary.org/obo/HP_0000377,http://purl.obolibrary.org/obo/HP_0009896,http://purl.obolibrary.org/obo/HP_0008593,,
http://purl.obolibrary.org/obo/HP_0011248,Everted antitragus,5,http://purl.obolibrary.org/obo/HP_0000598,http://purl.obolibrary.org/obo/HP_0031703,http://purl.obolibrary.org/obo/HP_0000356,http://purl.obolibrary.org/obo/HP_0000377,http://purl.obolibrary.org/obo/HP_0009896,http://purl.obolibrary.org/obo/HP_0011248,,
http://purl.obolibrary.org/obo/HP_0011249,Absent antitragus,5,http://purl.obolibrary.org/obo/HP_0000598,http://purl.obolibrary.org/obo/HP_0031703,http://purl.obolibrary.org/obo/HP_0000356,http://purl.obolibrary.org/obo/HP_0000377,http://purl.obolibrary.org/obo/HP_0009896,http://purl.obolibrary.org/obo/HP_0011249,,
http://purl.obolibrary.org/obo/HP_0011250,Bifid antitragus,5,http://purl.obolibrary.org/obo/HP_0000598,http://purl.obolibrary.org/obo/HP_0031703,http://purl.obolibrary.org/obo/HP_0000356,http://purl.obolibrary.org/obo/HP_0000377,http://purl.obolibrary.org/obo/HP_0009896,http://purl.obolibrary.org/obo/HP_0011250,,
http://purl.obolibrary.org/obo/HP_0011251,Underdeveloped antitragus,5,http://purl.obolibrary.org/obo/HP_0000598,http://purl.obolibrary.org/obo/HP_0031703,http://purl.obolibrary.org/obo/HP_0000356,http://purl.obolibrary.org/obo/HP_0000377,http://purl.obolibrary.org/obo/HP_0009896,http://purl.obolibrary.org/obo/HP_0011251,,
http://purl.obolibrary.org/obo/HP_0009913,Aplasia/Hypoplasia of the tragus,5,http://purl.obolibrary.org/obo/HP_0000598,http://purl.obolibrary.org/obo/HP_0031703,http://purl.obolibrary.org/obo/HP_0000356,http://purl.obolibrary.org/obo/HP_0000377,http://purl.obolibrary.org/obo/HP_0009912,http://purl.obolibrary.org/obo/HP_0009913,,
http://purl.obolibrary.org/obo/HP_0011269,Bifid tragus,5,http://purl.obolibrary.org/obo/HP_0000598,http://purl.obolibrary.org/obo/HP_0031703,http://purl.obolibrary.org/obo/HP_0000356,http://purl.obolibrary.org/obo/HP_0000377,http://purl.obolibrary.org/obo/HP_0009912,http://purl.obolibrary.org/obo/HP_0011269,,
http://purl.obolibrary.org/obo/HP_0011270,Duplicated tragus,5,http://purl.obolibrary.org/obo/HP_0000598,http://purl.obolibrary.org/obo/HP_0031703,http://purl.obolibrary.org/obo/HP_0000356,http://purl.obolibrary.org/obo/HP_0000377,http://purl.obolibrary.org/obo/HP_0009912,http://purl.obolibrary.org/obo/HP_0011270,,
http://purl.obolibrary.org/obo/HP_0011271,Prominent tragus,5,http://purl.obolibrary.org/obo/HP_0000598,http://purl.obolibrary.org/obo/HP_0031703,http://purl.obolibrary.org/obo/HP_0000356,http://purl.obolibrary.org/obo/HP_0000377,http://purl.obolibrary.org/obo/HP_0009912,http://purl.obolibrary.org/obo/HP_0011271,,
http://purl.obolibrary.org/obo/HP_0040091,Asymmetry of the size of ears,5,http://purl.obolibrary.org/obo/HP_0000598,http://purl.obolibrary.org/obo/HP_0031703,http://purl.obolibrary.org/obo/HP_0000356,http://purl.obolibrary.org/obo/HP_0000377,http://purl.obolibrary.org/obo/HP_0010722,http://purl.obolibrary.org/obo/HP_0040091,,
http://purl.obolibrary.org/obo/HP_0040092,Asymmetry of the shape of the ears,5,http://purl.obolibrary.org/obo/HP_0000598,http://purl.obolibrary.org/obo/HP_0031703,http://purl.obolibrary.org/obo/HP_0000356,http://purl.obolibrary.org/obo/HP_0000377,http://purl.obolibrary.org/obo/HP_0010722,http://purl.obolibrary.org/obo/HP_0040092,,
http://purl.obolibrary.org/obo/HP_0040093,Asymmetry of the position of the ears,5,http://purl.obolibrary.org/obo/HP_0000598,http://purl.obolibrary.org/obo/HP_0031703,http://purl.obolibrary.org/obo/HP_0000356,http://purl.obolibrary.org/obo/HP_0000377,http://purl.obolibrary.org/obo/HP_0010722,http://purl.obolibrary.org/obo/HP_0040093,,
http://purl.obolibrary.org/obo/HP_0000391,Thickened helices,5,http://purl.obolibrary.org/obo/HP_0000598,http://purl.obolibrary.org/obo/HP_0031703,http://purl.obolibrary.org/obo/HP_0000356,http://purl.obolibrary.org/obo/HP_0000377,http://purl.obolibrary.org/obo/HP_0011039,http://purl.obolibrary.org/obo/HP_0000391,,
http://purl.obolibrary.org/obo/HP_0008523,Posterior helix pit,5,http://purl.obolibrary.org/obo/HP_0000598,http://purl.obolibrary.org/obo/HP_0031703,http://purl.obolibrary.org/obo/HP_0000356,http://purl.obolibrary.org/obo/HP_0000377,http://purl.obolibrary.org/obo/HP_0011039,http://purl.obolibrary.org/obo/HP_0008523,,
http://purl.obolibrary.org/obo/HP_0008528,Long hairs growing from helix of pinna,5,http://purl.obolibrary.org/obo/HP_0000598,http://purl.obolibrary.org/obo/HP_0031703,http://purl.obolibrary.org/obo/HP_0000356,http://purl.obolibrary.org/obo/HP_0000377,http://purl.obolibrary.org/obo/HP_0011039,http://purl.obolibrary.org/obo/HP_0008528,,
http://purl.obolibrary.org/obo/HP_0008544,Abnormally folded helix,5,http://purl.obolibrary.org/obo/HP_0000598,http://purl.obolibrary.org/obo/HP_0031703,http://purl.obolibrary.org/obo/HP_0000356,http://purl.obolibrary.org/obo/HP_0000377,http://purl.obolibrary.org/obo/HP_0011039,http://purl.obolibrary.org/obo/HP_0008544,,
http://purl.obolibrary.org/obo/HP_0008589,Hypoplastic helices,5,http://purl.obolibrary.org/obo/HP_0000598,http://purl.obolibrary.org/obo/HP_0031703,http://purl.obolibrary.org/obo/HP_0000356,http://purl.obolibrary.org/obo/HP_0000377,http://purl.obolibrary.org/obo/HP_0011039,http://purl.obolibrary.org/obo/HP_0008589,,
http://purl.obolibrary.org/obo/HP_0009895,Abnormality of the crus of the helix,5,http://purl.obolibrary.org/obo/HP_0000598,http://purl.obolibrary.org/obo/HP_0031703,http://purl.obolibrary.org/obo/HP_0000356,http://purl.obolibrary.org/obo/HP_0000377,http://purl.obolibrary.org/obo/HP_0011039,http://purl.obolibrary.org/obo/HP_0009895,,
http://purl.obolibrary.org/obo/HP_0009902,Cleft helix,5,http://purl.obolibrary.org/obo/HP_0000598,http://purl.obolibrary.org/obo/HP_0031703,http://purl.obolibrary.org/obo/HP_0000356,http://purl.obolibrary.org/obo/HP_0000377,http://purl.obolibrary.org/obo/HP_0011039,http://purl.obolibrary.org/obo/HP_0009902,,
http://purl.obolibrary.org/obo/HP_0009904,Prominent ear helix,5,http://purl.obolibrary.org/obo/HP_0000598,http://purl.obolibrary.org/obo/HP_0031703,http://purl.obolibrary.org/obo/HP_0000356,http://purl.obolibrary.org/obo/HP_0000377,http://purl.obolibrary.org/obo/HP_0011039,http://purl.obolibrary.org/obo/HP_0009904,,
http://purl.obolibrary.org/obo/HP_0009905,Thin ear helix,5,http://purl.obolibrary.org/obo/HP_0000598,http://purl.obolibrary.org/obo/HP_0031703,http://purl.obolibrary.org/obo/HP_0000356,http://purl.obolibrary.org/obo/HP_0000377,http://purl.obolibrary.org/obo/HP_0011039,http://purl.obolibrary.org/obo/HP_0009905,,
http://purl.obolibrary.org/obo/HP_0011261,Darwin tubercle of helix,5,http://purl.obolibrary.org/obo/HP_0000598,http://purl.obolibrary.org/obo/HP_0031703,http://purl.obolibrary.org/obo/HP_0000356,http://purl.obolibrary.org/obo/HP_0000377,http://purl.obolibrary.org/obo/HP_0011039,http://purl.obolibrary.org/obo/HP_0011261,,
http://purl.obolibrary.org/obo/HP_0011262,Crimped helix,5,http://purl.obolibrary.org/obo/HP_0000598,http://purl.obolibrary.org/obo/HP_0031703,http://purl.obolibrary.org/obo/HP_0000356,http://purl.obolibrary.org/obo/HP_0000377,http://purl.obolibrary.org/obo/HP_0011039,http://purl.obolibrary.org/obo/HP_0011262,,
http://purl.obolibrary.org/obo/HP_0011264,Discontinuous ascending root of helix,5,http://purl.obolibrary.org/obo/HP_0000598,http://purl.obolibrary.org/obo/HP_0031703,http://purl.obolibrary.org/obo/HP_0000356,http://purl.obolibrary.org/obo/HP_0000377,http://purl.obolibrary.org/obo/HP_0011039,http://purl.obolibrary.org/obo/HP_0011264,,
http://purl.obolibrary.org/obo/HP_0030026,Squared superior portion of helix,5,http://purl.obolibrary.org/obo/HP_0000598,http://purl.obolibrary.org/obo/HP_0031703,http://purl.obolibrary.org/obo/HP_0000356,http://purl.obolibrary.org/obo/HP_0000377,http://purl.obolibrary.org/obo/HP_0011039,http://purl.obolibrary.org/obo/HP_0030026,,
http://purl.obolibrary.org/obo/HP_0031228,Abnormal incisura morphology,5,http://purl.obolibrary.org/obo/HP_0000598,http://purl.obolibrary.org/obo/HP_0031703,http://purl.obolibrary.org/obo/HP_0000356,http://purl.obolibrary.org/obo/HP_0000377,http://purl.obolibrary.org/obo/HP_0011039,http://purl.obolibrary.org/obo/HP_0031228,,
http://purl.obolibrary.org/obo/HP_0100810,Pointed helix,5,http://purl.obolibrary.org/obo/HP_0000598,http://purl.obolibrary.org/obo/HP_0031703,http://purl.obolibrary.org/obo/HP_0000356,http://purl.obolibrary.org/obo/HP_0000377,http://purl.obolibrary.org/obo/HP_0011039,http://purl.obolibrary.org/obo/HP_0100810,,
http://purl.obolibrary.org/obo/HP_0011253,Type I cryptotia,5,http://purl.obolibrary.org/obo/HP_0000598,http://purl.obolibrary.org/obo/HP_0031703,http://purl.obolibrary.org/obo/HP_0000356,http://purl.obolibrary.org/obo/HP_0000377,http://purl.obolibrary.org/obo/HP_0011252,http://purl.obolibrary.org/obo/HP_0011253,,
http://purl.obolibrary.org/obo/HP_0011254,Type II cryptotia,5,http://purl.obolibrary.org/obo/HP_0000598,http://purl.obolibrary.org/obo/HP_0031703,http://purl.obolibrary.org/obo/HP_0000356,http://purl.obolibrary.org/obo/HP_0000377,http://purl.obolibrary.org/obo/HP_0011252,http://purl.obolibrary.org/obo/HP_0011254,,
http://purl.obolibrary.org/obo/HP_0005102,Cochlear degeneration,5,http://purl.obolibrary.org/obo/HP_0000598,http://purl.obolibrary.org/obo/HP_0031703,http://purl.obolibrary.org/obo/HP_0000359,http://purl.obolibrary.org/obo/HP_0011390,http://purl.obolibrary.org/obo/HP_0000375,http://purl.obolibrary.org/obo/HP_0005102,,
http://purl.obolibrary.org/obo/HP_0008554,Cochlear malformation,5,http://purl.obolibrary.org/obo/HP_0000598,http://purl.obolibrary.org/obo/HP_0031703,http://purl.obolibrary.org/obo/HP_0000359,http://purl.obolibrary.org/obo/HP_0011390,http://purl.obolibrary.org/obo/HP_0000375,http://purl.obolibrary.org/obo/HP_0008554,,
http://purl.obolibrary.org/obo/HP_0011388,Enlarged cochlear aqueduct,5,http://purl.obolibrary.org/obo/HP_0000598,http://purl.obolibrary.org/obo/HP_0031703,http://purl.obolibrary.org/obo/HP_0000359,http://purl.obolibrary.org/obo/HP_0011390,http://purl.obolibrary.org/obo/HP_0000375,http://purl.obolibrary.org/obo/HP_0011388,,
http://purl.obolibrary.org/obo/HP_0011377,Aplasia of the vestibule,5,http://purl.obolibrary.org/obo/HP_0000598,http://purl.obolibrary.org/obo/HP_0031703,http://purl.obolibrary.org/obo/HP_0000359,http://purl.obolibrary.org/obo/HP_0011390,http://purl.obolibrary.org/obo/HP_0011376,http://purl.obolibrary.org/obo/HP_0011377,,
http://purl.obolibrary.org/obo/HP_0011378,Hypoplasia of the vestibule of the inner ear,5,http://purl.obolibrary.org/obo/HP_0000598,http://purl.obolibrary.org/obo/HP_0031703,http://purl.obolibrary.org/obo/HP_0000359,http://purl.obolibrary.org/obo/HP_0011390,http://purl.obolibrary.org/obo/HP_0011376,http://purl.obolibrary.org/obo/HP_0011378,,
http://purl.obolibrary.org/obo/HP_0011379,Dilated vestibule of the inner ear,5,http://purl.obolibrary.org/obo/HP_0000598,http://purl.obolibrary.org/obo/HP_0031703,http://purl.obolibrary.org/obo/HP_0000359,http://purl.obolibrary.org/obo/HP_0011390,http://purl.obolibrary.org/obo/HP_0011376,http://purl.obolibrary.org/obo/HP_0011379,,
http://purl.obolibrary.org/obo/HP_0011380,Abnormal semicircular canal morphology,5,http://purl.obolibrary.org/obo/HP_0000598,http://purl.obolibrary.org/obo/HP_0031703,http://purl.obolibrary.org/obo/HP_0000359,http://purl.obolibrary.org/obo/HP_0011390,http://purl.obolibrary.org/obo/HP_0011376,http://purl.obolibrary.org/obo/HP_0011380,,
http://purl.obolibrary.org/obo/HP_0011387,Enlarged vestibular aqueduct,5,http://purl.obolibrary.org/obo/HP_0000598,http://purl.obolibrary.org/obo/HP_0031703,http://purl.obolibrary.org/obo/HP_0000359,http://purl.obolibrary.org/obo/HP_0011390,http://purl.obolibrary.org/obo/HP_0011376,http://purl.obolibrary.org/obo/HP_0011387,,
http://purl.obolibrary.org/obo/HP_0030999,Abnormal vestibular saccule morphology,5,http://purl.obolibrary.org/obo/HP_0000598,http://purl.obolibrary.org/obo/HP_0031703,http://purl.obolibrary.org/obo/HP_0000359,http://purl.obolibrary.org/obo/HP_0011390,http://purl.obolibrary.org/obo/HP_0011376,http://purl.obolibrary.org/obo/HP_0030999,,
http://purl.obolibrary.org/obo/HP_0004458,Dilatated internal auditory canal,5,http://purl.obolibrary.org/obo/HP_0000598,http://purl.obolibrary.org/obo/HP_0031703,http://purl.obolibrary.org/obo/HP_0000359,http://purl.obolibrary.org/obo/HP_0011390,http://purl.obolibrary.org/obo/HP_0011384,http://purl.obolibrary.org/obo/HP_0004458,,
http://purl.obolibrary.org/obo/HP_0011385,Absent internal auditory canal,5,http://purl.obolibrary.org/obo/HP_0000598,http://purl.obolibrary.org/obo/HP_0031703,http://purl.obolibrary.org/obo/HP_0000359,http://purl.obolibrary.org/obo/HP_0011390,http://purl.obolibrary.org/obo/HP_0011384,http://purl.obolibrary.org/obo/HP_0011385,,
http://purl.obolibrary.org/obo/HP_0011386,Narrow internal auditory canal,5,http://purl.obolibrary.org/obo/HP_0000598,http://purl.obolibrary.org/obo/HP_0031703,http://purl.obolibrary.org/obo/HP_0000359,http://purl.obolibrary.org/obo/HP_0011390,http://purl.obolibrary.org/obo/HP_0011384,http://purl.obolibrary.org/obo/HP_0011386,,
http://purl.obolibrary.org/obo/HP_0011392,Abnormality of the vestibular nerve,5,http://purl.obolibrary.org/obo/HP_0000598,http://purl.obolibrary.org/obo/HP_0031703,http://purl.obolibrary.org/obo/HP_0000359,http://purl.obolibrary.org/obo/HP_0011390,http://purl.obolibrary.org/obo/HP_0011391,http://purl.obolibrary.org/obo/HP_0011392,,
http://purl.obolibrary.org/obo/HP_0011396,Abnormality of the cochlear nerve,5,http://purl.obolibrary.org/obo/HP_0000598,http://purl.obolibrary.org/obo/HP_0031703,http://purl.obolibrary.org/obo/HP_0000359,http://purl.obolibrary.org/obo/HP_0011390,http://purl.obolibrary.org/obo/HP_0011391,http://purl.obolibrary.org/obo/HP_0011396,,
http://purl.obolibrary.org/obo/HP_0009589,Bilateral vestibular schwannoma,5,http://purl.obolibrary.org/obo/HP_0000598,http://purl.obolibrary.org/obo/HP_0031703,http://purl.obolibrary.org/obo/HP_0000359,http://purl.obolibrary.org/obo/HP_0040096,http://purl.obolibrary.org/obo/HP_0009588,http://purl.obolibrary.org/obo/HP_0009589,,
http://purl.obolibrary.org/obo/HP_0009590,Unilateral vestibular schwannoma,5,http://purl.obolibrary.org/obo/HP_0000598,http://purl.obolibrary.org/obo/HP_0031703,http://purl.obolibrary.org/obo/HP_0000359,http://purl.obolibrary.org/obo/HP_0040096,http://purl.obolibrary.org/obo/HP_0009588,http://purl.obolibrary.org/obo/HP_0009590,,
http://purl.obolibrary.org/obo/HP_0000371,Acute otitis media,5,http://purl.obolibrary.org/obo/HP_0000598,http://purl.obolibrary.org/obo/HP_0031703,http://purl.obolibrary.org/obo/HP_0000370,http://purl.obolibrary.org/obo/HP_0008609,http://purl.obolibrary.org/obo/HP_0000388,http://purl.obolibrary.org/obo/HP_0000371,,
http://purl.obolibrary.org/obo/HP_0000389,Chronic otitis media,5,http://purl.obolibrary.org/obo/HP_0000598,http://purl.obolibrary.org/obo/HP_0031703,http://purl.obolibrary.org/obo/HP_0000370,http://purl.obolibrary.org/obo/HP_0008609,http://purl.obolibrary.org/obo/HP_0000388,http://purl.obolibrary.org/obo/HP_0000389,,
http://purl.obolibrary.org/obo/HP_0000403,Recurrent otitis media,5,http://purl.obolibrary.org/obo/HP_0000598,http://purl.obolibrary.org/obo/HP_0031703,http://purl.obolibrary.org/obo/HP_0000370,http://purl.obolibrary.org/obo/HP_0008609,http://purl.obolibrary.org/obo/HP_0000388,http://purl.obolibrary.org/obo/HP_0000403,,
http://purl.obolibrary.org/obo/HP_0031353,Otitis media with effusion,5,http://purl.obolibrary.org/obo/HP_0000598,http://purl.obolibrary.org/obo/HP_0031703,http://purl.obolibrary.org/obo/HP_0000370,http://purl.obolibrary.org/obo/HP_0008609,http://purl.obolibrary.org/obo/HP_0000388,http://purl.obolibrary.org/obo/HP_0031353,,
http://purl.obolibrary.org/obo/HP_0040262,Glue ear,5,http://purl.obolibrary.org/obo/HP_0000598,http://purl.obolibrary.org/obo/HP_0031703,http://purl.obolibrary.org/obo/HP_0000370,http://purl.obolibrary.org/obo/HP_0008609,http://purl.obolibrary.org/obo/HP_0000388,http://purl.obolibrary.org/obo/HP_0040262,,
http://purl.obolibrary.org/obo/HP_0005473,Fusion of middle ear ossicles,5,http://purl.obolibrary.org/obo/HP_0000598,http://purl.obolibrary.org/obo/HP_0031703,http://purl.obolibrary.org/obo/HP_0000370,http://purl.obolibrary.org/obo/HP_0008609,http://purl.obolibrary.org/obo/HP_0004452,http://purl.obolibrary.org/obo/HP_0005473,,
http://purl.obolibrary.org/obo/HP_0008628,Abnormal stapes morphology,5,http://purl.obolibrary.org/obo/HP_0000598,http://purl.obolibrary.org/obo/HP_0031703,http://purl.obolibrary.org/obo/HP_0000370,http://purl.obolibrary.org/obo/HP_0008609,http://purl.obolibrary.org/obo/HP_0004452,http://purl.obolibrary.org/obo/HP_0008628,,
http://purl.obolibrary.org/obo/HP_0009910,Aplasia of the middle ear ossicles,5,http://purl.obolibrary.org/obo/HP_0000598,http://purl.obolibrary.org/obo/HP_0031703,http://purl.obolibrary.org/obo/HP_0000370,http://purl.obolibrary.org/obo/HP_0008609,http://purl.obolibrary.org/obo/HP_0004452,http://purl.obolibrary.org/obo/HP_0009910,,
http://purl.obolibrary.org/obo/HP_0011453,Abnormal incus morphology,5,http://purl.obolibrary.org/obo/HP_0000598,http://purl.obolibrary.org/obo/HP_0031703,http://purl.obolibrary.org/obo/HP_0000370,http://purl.obolibrary.org/obo/HP_0008609,http://purl.obolibrary.org/obo/HP_0004452,http://purl.obolibrary.org/obo/HP_0011453,,
http://purl.obolibrary.org/obo/HP_0011454,Abnormal malleus morphology,5,http://purl.obolibrary.org/obo/HP_0000598,http://purl.obolibrary.org/obo/HP_0031703,http://purl.obolibrary.org/obo/HP_0000370,http://purl.obolibrary.org/obo/HP_0008609,http://purl.obolibrary.org/obo/HP_0004452,http://purl.obolibrary.org/obo/HP_0011454,,
http://purl.obolibrary.org/obo/HP_0008513,Bilateral conductive hearing impairment,5,http://purl.obolibrary.org/obo/HP_0000598,http://purl.obolibrary.org/obo/HP_0031703,http://purl.obolibrary.org/obo/HP_0000370,http://purl.obolibrary.org/obo/HP_0011452,http://purl.obolibrary.org/obo/HP_0000405,http://purl.obolibrary.org/obo/HP_0008513,,
http://purl.obolibrary.org/obo/HP_0008591,Congenital conductive hearing impairment,5,http://purl.obolibrary.org/obo/HP_0000598,http://purl.obolibrary.org/obo/HP_0031703,http://purl.obolibrary.org/obo/HP_0000370,http://purl.obolibrary.org/obo/HP_0011452,http://purl.obolibrary.org/obo/HP_0000405,http://purl.obolibrary.org/obo/HP_0008591,,
http://purl.obolibrary.org/obo/HP_0008598,Mild conductive hearing impairment,5,http://purl.obolibrary.org/obo/HP_0000598,http://purl.obolibrary.org/obo/HP_0031703,http://purl.obolibrary.org/obo/HP_0000370,http://purl.obolibrary.org/obo/HP_0011452,http://purl.obolibrary.org/obo/HP_0000405,http://purl.obolibrary.org/obo/HP_0008598,,
http://purl.obolibrary.org/obo/HP_0008607,Progressive conductive hearing impairment,5,http://purl.obolibrary.org/obo/HP_0000598,http://purl.obolibrary.org/obo/HP_0031703,http://purl.obolibrary.org/obo/HP_0000370,http://purl.obolibrary.org/obo/HP_0011452,http://purl.obolibrary.org/obo/HP_0000405,http://purl.obolibrary.org/obo/HP_0008607,,
http://purl.obolibrary.org/obo/HP_0012716,Moderate conductive hearing impairment,5,http://purl.obolibrary.org/obo/HP_0000598,http://purl.obolibrary.org/obo/HP_0031703,http://purl.obolibrary.org/obo/HP_0000370,http://purl.obolibrary.org/obo/HP_0011452,http://purl.obolibrary.org/obo/HP_0000405,http://purl.obolibrary.org/obo/HP_0012716,,
http://purl.obolibrary.org/obo/HP_0012717,Severe conductive hearing impairment,5,http://purl.obolibrary.org/obo/HP_0000598,http://purl.obolibrary.org/obo/HP_0031703,http://purl.obolibrary.org/obo/HP_0000370,http://purl.obolibrary.org/obo/HP_0011452,http://purl.obolibrary.org/obo/HP_0000405,http://purl.obolibrary.org/obo/HP_0012717,,
http://purl.obolibrary.org/obo/HP_0040119,Unilateral conductive hearing impairment,5,http://purl.obolibrary.org/obo/HP_0000598,http://purl.obolibrary.org/obo/HP_0031703,http://purl.obolibrary.org/obo/HP_0000370,http://purl.obolibrary.org/obo/HP_0011452,http://purl.obolibrary.org/obo/HP_0000405,http://purl.obolibrary.org/obo/HP_0040119,,
http://purl.obolibrary.org/obo/HP_0040120,Abnormality of the reflex of the tensor tympani muscle,5,http://purl.obolibrary.org/obo/HP_0000598,http://purl.obolibrary.org/obo/HP_0031703,http://purl.obolibrary.org/obo/HP_0000370,http://purl.obolibrary.org/obo/HP_0011452,http://purl.obolibrary.org/obo/HP_0004454,http://purl.obolibrary.org/obo/HP_0040120,,
http://purl.obolibrary.org/obo/HP_0040121,Abnormality of the acoustic reflex,5,http://purl.obolibrary.org/obo/HP_0000598,http://purl.obolibrary.org/obo/HP_0031703,http://purl.obolibrary.org/obo/HP_0000370,http://purl.obolibrary.org/obo/HP_0011452,http://purl.obolibrary.org/obo/HP_0004454,http://purl.obolibrary.org/obo/HP_0040121,,
http://purl.obolibrary.org/obo/HP_0008569,"Microtia, second degree",5,http://purl.obolibrary.org/obo/HP_0000598,http://purl.obolibrary.org/obo/HP_0031703,http://purl.obolibrary.org/obo/HP_0008771,http://purl.obolibrary.org/obo/HP_0008772,http://purl.obolibrary.org/obo/HP_0008551,http://purl.obolibrary.org/obo/HP_0008569,,
http://purl.obolibrary.org/obo/HP_0011266,"Microtia, first degree",5,http://purl.obolibrary.org/obo/HP_0000598,http://purl.obolibrary.org/obo/HP_0031703,http://purl.obolibrary.org/obo/HP_0008771,http://purl.obolibrary.org/obo/HP_0008772,http://purl.obolibrary.org/obo/HP_0008551,http://purl.obolibrary.org/obo/HP_0011266,,
http://purl.obolibrary.org/obo/HP_0011267,"Microtia, third degree",5,http://purl.obolibrary.org/obo/HP_0000598,http://purl.obolibrary.org/obo/HP_0031703,http://purl.obolibrary.org/obo/HP_0008771,http://purl.obolibrary.org/obo/HP_0008772,http://purl.obolibrary.org/obo/HP_0008551,http://purl.obolibrary.org/obo/HP_0011267,,
http://purl.obolibrary.org/obo/HP_0008586,Hypoplasia of the cochlea,5,http://purl.obolibrary.org/obo/HP_0000598,http://purl.obolibrary.org/obo/HP_0031703,http://purl.obolibrary.org/obo/HP_0008771,http://purl.obolibrary.org/obo/HP_0008774,http://purl.obolibrary.org/obo/HP_0011395,http://purl.obolibrary.org/obo/HP_0008586,,
http://purl.obolibrary.org/obo/HP_0011375,Cochlear aplasia,5,http://purl.obolibrary.org/obo/HP_0000598,http://purl.obolibrary.org/obo/HP_0031703,http://purl.obolibrary.org/obo/HP_0008771,http://purl.obolibrary.org/obo/HP_0008774,http://purl.obolibrary.org/obo/HP_0011395,http://purl.obolibrary.org/obo/HP_0011375,,
http://purl.obolibrary.org/obo/HP_0000399,Prelingual sensorineural hearing impairment,5,http://purl.obolibrary.org/obo/HP_0000598,http://purl.obolibrary.org/obo/HP_0031704,http://purl.obolibrary.org/obo/HP_0011389,http://purl.obolibrary.org/obo/HP_0000407,http://purl.obolibrary.org/obo/HP_0011474,http://purl.obolibrary.org/obo/HP_0000399,,
http://purl.obolibrary.org/obo/HP_0008596,Postlingual sensorineural hearing impairment,5,http://purl.obolibrary.org/obo/HP_0000598,http://purl.obolibrary.org/obo/HP_0031704,http://purl.obolibrary.org/obo/HP_0011389,http://purl.obolibrary.org/obo/HP_0000407,http://purl.obolibrary.org/obo/HP_0011474,http://purl.obolibrary.org/obo/HP_0008596,,
http://purl.obolibrary.org/obo/HP_0008610,Infantile sensorineural hearing impairment,5,http://purl.obolibrary.org/obo/HP_0000598,http://purl.obolibrary.org/obo/HP_0031704,http://purl.obolibrary.org/obo/HP_0011389,http://purl.obolibrary.org/obo/HP_0000407,http://purl.obolibrary.org/obo/HP_0011474,http://purl.obolibrary.org/obo/HP_0008610,,
http://purl.obolibrary.org/obo/HP_0008555,Absent vestibular function,5,http://purl.obolibrary.org/obo/HP_0000598,http://purl.obolibrary.org/obo/HP_0031704,http://purl.obolibrary.org/obo/HP_0011389,http://purl.obolibrary.org/obo/HP_0001751,http://purl.obolibrary.org/obo/HP_0001756,http://purl.obolibrary.org/obo/HP_0008555,,
http://purl.obolibrary.org/obo/HP_0010532,Paroxysmal vertigo,5,http://purl.obolibrary.org/obo/HP_0000598,http://purl.obolibrary.org/obo/HP_0031704,http://purl.obolibrary.org/obo/HP_0011389,http://purl.obolibrary.org/obo/HP_0001751,http://purl.obolibrary.org/obo/HP_0002321,http://purl.obolibrary.org/obo/HP_0010532,,
http://purl.obolibrary.org/obo/HP_0008568,Vestibular areflexia,5,http://purl.obolibrary.org/obo/HP_0000598,http://purl.obolibrary.org/obo/HP_0031704,http://purl.obolibrary.org/obo/HP_0011389,http://purl.obolibrary.org/obo/HP_0001751,http://purl.obolibrary.org/obo/HP_0007670,http://purl.obolibrary.org/obo/HP_0008568,,
http://purl.obolibrary.org/obo/HP_0030183,Impaired visually enhanced vestibulo-ocular reflex,5,http://purl.obolibrary.org/obo/HP_0000598,http://purl.obolibrary.org/obo/HP_0031704,http://purl.obolibrary.org/obo/HP_0011389,http://purl.obolibrary.org/obo/HP_0001751,http://purl.obolibrary.org/obo/HP_0007670,http://purl.obolibrary.org/obo/HP_0030183,,
http://purl.obolibrary.org/obo/HP_0032100,Abnormal doll's eye reflex,5,http://purl.obolibrary.org/obo/HP_0000598,http://purl.obolibrary.org/obo/HP_0031704,http://purl.obolibrary.org/obo/HP_0011389,http://purl.obolibrary.org/obo/HP_0001751,http://purl.obolibrary.org/obo/HP_0007670,http://purl.obolibrary.org/obo/HP_0032100,,
http://purl.obolibrary.org/obo/HP_0430122,Head impulse test has corrective saccade,5,http://purl.obolibrary.org/obo/HP_0000598,http://purl.obolibrary.org/obo/HP_0031704,http://purl.obolibrary.org/obo/HP_0011389,http://purl.obolibrary.org/obo/HP_0001751,http://purl.obolibrary.org/obo/HP_0007670,http://purl.obolibrary.org/obo/HP_0430122,,
http://purl.obolibrary.org/obo/HP_6000025,Dark cerumen,6,http://purl.obolibrary.org/obo/HP_0000598,http://purl.obolibrary.org/obo/HP_0031703,http://purl.obolibrary.org/obo/HP_0000356,http://purl.obolibrary.org/obo/HP_0000372,http://purl.obolibrary.org/obo/HP_0030787,http://purl.obolibrary.org/obo/HP_0030790,http://purl.obolibrary.org/obo/HP_6000025,
http://purl.obolibrary.org/obo/HP_0000385,Small earlobe,6,http://purl.obolibrary.org/obo/HP_0000598,http://purl.obolibrary.org/obo/HP_0031703,http://purl.obolibrary.org/obo/HP_0000356,http://purl.obolibrary.org/obo/HP_0000377,http://purl.obolibrary.org/obo/HP_0000363,http://purl.obolibrary.org/obo/HP_0009906,http://purl.obolibrary.org/obo/HP_0000385,
http://purl.obolibrary.org/obo/HP_0000387,Absent earlobe,6,http://purl.obolibrary.org/obo/HP_0000598,http://purl.obolibrary.org/obo/HP_0031703,http://purl.obolibrary.org/obo/HP_0000356,http://purl.obolibrary.org/obo/HP_0000377,http://purl.obolibrary.org/obo/HP_0000363,http://purl.obolibrary.org/obo/HP_0009906,http://purl.obolibrary.org/obo/HP_0000387,
http://purl.obolibrary.org/obo/HP_0100015,Stahl ear,6,http://purl.obolibrary.org/obo/HP_0000598,http://purl.obolibrary.org/obo/HP_0031703,http://purl.obolibrary.org/obo/HP_0000356,http://purl.obolibrary.org/obo/HP_0000377,http://purl.obolibrary.org/obo/HP_0009738,http://purl.obolibrary.org/obo/HP_0011235,http://purl.obolibrary.org/obo/HP_0100015,
http://purl.obolibrary.org/obo/HP_0011237,Broad inferior crus of antihelix,6,http://purl.obolibrary.org/obo/HP_0000598,http://purl.obolibrary.org/obo/HP_0031703,http://purl.obolibrary.org/obo/HP_0000356,http://purl.obolibrary.org/obo/HP_0000377,http://purl.obolibrary.org/obo/HP_0009738,http://purl.obolibrary.org/obo/HP_0011243,http://purl.obolibrary.org/obo/HP_0011237,
http://purl.obolibrary.org/obo/HP_0011238,Prominent inferior crus of antihelix,6,http://purl.obolibrary.org/obo/HP_0000598,http://purl.obolibrary.org/obo/HP_0031703,http://purl.obolibrary.org/obo/HP_0000356,http://purl.obolibrary.org/obo/HP_0000377,http://purl.obolibrary.org/obo/HP_0009738,http://purl.obolibrary.org/obo/HP_0011243,http://purl.obolibrary.org/obo/HP_0011238,
http://purl.obolibrary.org/obo/HP_0011239,Underdeveloped inferior crus of antihelix,6,http://purl.obolibrary.org/obo/HP_0000598,http://purl.obolibrary.org/obo/HP_0031703,http://purl.obolibrary.org/obo/HP_0000356,http://purl.obolibrary.org/obo/HP_0000377,http://purl.obolibrary.org/obo/HP_0009738,http://purl.obolibrary.org/obo/HP_0011243,http://purl.obolibrary.org/obo/HP_0011239,
http://purl.obolibrary.org/obo/HP_0011240,Prominent stem of antihelix,6,http://purl.obolibrary.org/obo/HP_0000598,http://purl.obolibrary.org/obo/HP_0031703,http://purl.obolibrary.org/obo/HP_0000356,http://purl.obolibrary.org/obo/HP_0000377,http://purl.obolibrary.org/obo/HP_0009738,http://purl.obolibrary.org/obo/HP_0011244,http://purl.obolibrary.org/obo/HP_0011240,
http://purl.obolibrary.org/obo/HP_0011241,Serpiginous stem of antihelix,6,http://purl.obolibrary.org/obo/HP_0000598,http://purl.obolibrary.org/obo/HP_0031703,http://purl.obolibrary.org/obo/HP_0000356,http://purl.obolibrary.org/obo/HP_0000377,http://purl.obolibrary.org/obo/HP_0009738,http://purl.obolibrary.org/obo/HP_0011244,http://purl.obolibrary.org/obo/HP_0011241,
http://purl.obolibrary.org/obo/HP_0011242,Underdeveloped stem of antihelix,6,http://purl.obolibrary.org/obo/HP_0000598,http://purl.obolibrary.org/obo/HP_0031703,http://purl.obolibrary.org/obo/HP_0000356,http://purl.obolibrary.org/obo/HP_0000377,http://purl.obolibrary.org/obo/HP_0009738,http://purl.obolibrary.org/obo/HP_0011244,http://purl.obolibrary.org/obo/HP_0011242,
http://purl.obolibrary.org/obo/HP_0011246,Underdeveloped superior crus of antihelix,6,http://purl.obolibrary.org/obo/HP_0000598,http://purl.obolibrary.org/obo/HP_0031703,http://purl.obolibrary.org/obo/HP_0000356,http://purl.obolibrary.org/obo/HP_0000377,http://purl.obolibrary.org/obo/HP_0009738,http://purl.obolibrary.org/obo/HP_0011245,http://purl.obolibrary.org/obo/HP_0011246,
http://purl.obolibrary.org/obo/HP_0011247,Prominent superior crus of antihelix,6,http://purl.obolibrary.org/obo/HP_0000598,http://purl.obolibrary.org/obo/HP_0031703,http://purl.obolibrary.org/obo/HP_0000356,http://purl.obolibrary.org/obo/HP_0000377,http://purl.obolibrary.org/obo/HP_0009738,http://purl.obolibrary.org/obo/HP_0011245,http://purl.obolibrary.org/obo/HP_0011247,
http://purl.obolibrary.org/obo/HP_0011268,Absent tragus,6,http://purl.obolibrary.org/obo/HP_0000598,http://purl.obolibrary.org/obo/HP_0031703,http://purl.obolibrary.org/obo/HP_0000356,http://purl.obolibrary.org/obo/HP_0000377,http://purl.obolibrary.org/obo/HP_0009912,http://purl.obolibrary.org/obo/HP_0009913,http://purl.obolibrary.org/obo/HP_0011268,
http://purl.obolibrary.org/obo/HP_0011272,Underdeveloped tragus,6,http://purl.obolibrary.org/obo/HP_0000598,http://purl.obolibrary.org/obo/HP_0031703,http://purl.obolibrary.org/obo/HP_0000356,http://purl.obolibrary.org/obo/HP_0000377,http://purl.obolibrary.org/obo/HP_0009912,http://purl.obolibrary.org/obo/HP_0009913,http://purl.obolibrary.org/obo/HP_0011272,
http://purl.obolibrary.org/obo/HP_0000396,Overfolded helix,6,http://purl.obolibrary.org/obo/HP_0000598,http://purl.obolibrary.org/obo/HP_0031703,http://purl.obolibrary.org/obo/HP_0000356,http://purl.obolibrary.org/obo/HP_0000377,http://purl.obolibrary.org/obo/HP_0011039,http://purl.obolibrary.org/obo/HP_0008544,http://purl.obolibrary.org/obo/HP_0000396,
http://purl.obolibrary.org/obo/HP_0008577,Underfolded helix,6,http://purl.obolibrary.org/obo/HP_0000598,http://purl.obolibrary.org/obo/HP_0031703,http://purl.obolibrary.org/obo/HP_0000356,http://purl.obolibrary.org/obo/HP_0000377,http://purl.obolibrary.org/obo/HP_0011039,http://purl.obolibrary.org/obo/HP_0008544,http://purl.obolibrary.org/obo/HP_0008577,
http://purl.obolibrary.org/obo/HP_0008559,Hypoplastic superior helix,6,http://purl.obolibrary.org/obo/HP_0000598,http://purl.obolibrary.org/obo/HP_0031703,http://purl.obolibrary.org/obo/HP_0000356,http://purl.obolibrary.org/obo/HP_0000377,http://purl.obolibrary.org/obo/HP_0011039,http://purl.obolibrary.org/obo/HP_0008589,http://purl.obolibrary.org/obo/HP_0008559,
http://purl.obolibrary.org/obo/HP_0009897,Horizontal crus of helix,6,http://purl.obolibrary.org/obo/HP_0000598,http://purl.obolibrary.org/obo/HP_0031703,http://purl.obolibrary.org/obo/HP_0000356,http://purl.obolibrary.org/obo/HP_0000377,http://purl.obolibrary.org/obo/HP_0011039,http://purl.obolibrary.org/obo/HP_0009895,http://purl.obolibrary.org/obo/HP_0009897,
http://purl.obolibrary.org/obo/HP_0009898,Underdeveloped crus of the helix,6,http://purl.obolibrary.org/obo/HP_0000598,http://purl.obolibrary.org/obo/HP_0031703,http://purl.obolibrary.org/obo/HP_0000356,http://purl.obolibrary.org/obo/HP_0000377,http://purl.obolibrary.org/obo/HP_0011039,http://purl.obolibrary.org/obo/HP_0009895,http://purl.obolibrary.org/obo/HP_0009898,
http://purl.obolibrary.org/obo/HP_0009899,Prominent crus of helix,6,http://purl.obolibrary.org/obo/HP_0000598,http://purl.obolibrary.org/obo/HP_0031703,http://purl.obolibrary.org/obo/HP_0000356,http://purl.obolibrary.org/obo/HP_0000377,http://purl.obolibrary.org/obo/HP_0011039,http://purl.obolibrary.org/obo/HP_0009895,http://purl.obolibrary.org/obo/HP_0009899,
http://purl.obolibrary.org/obo/HP_0011255,Absent crus of helix,6,http://purl.obolibrary.org/obo/HP_0000598,http://purl.obolibrary.org/obo/HP_0031703,http://purl.obolibrary.org/obo/HP_0000356,http://purl.obolibrary.org/obo/HP_0000377,http://purl.obolibrary.org/obo/HP_0011039,http://purl.obolibrary.org/obo/HP_0009895,http://purl.obolibrary.org/obo/HP_0011255,
http://purl.obolibrary.org/obo/HP_0011256,Crus of helix connected to antihelix,6,http://purl.obolibrary.org/obo/HP_0000598,http://purl.obolibrary.org/obo/HP_0031703,http://purl.obolibrary.org/obo/HP_0000356,http://purl.obolibrary.org/obo/HP_0000377,http://purl.obolibrary.org/obo/HP_0011039,http://purl.obolibrary.org/obo/HP_0009895,http://purl.obolibrary.org/obo/HP_0011256,
http://purl.obolibrary.org/obo/HP_0011257,Serpiginous crus of helix,6,http://purl.obolibrary.org/obo/HP_0000598,http://purl.obolibrary.org/obo/HP_0031703,http://purl.obolibrary.org/obo/HP_0000356,http://purl.obolibrary.org/obo/HP_0000377,http://purl.obolibrary.org/obo/HP_0011039,http://purl.obolibrary.org/obo/HP_0009895,http://purl.obolibrary.org/obo/HP_0011257,
http://purl.obolibrary.org/obo/HP_0011258,Tragal bridge of crus of helix,6,http://purl.obolibrary.org/obo/HP_0000598,http://purl.obolibrary.org/obo/HP_0031703,http://purl.obolibrary.org/obo/HP_0000356,http://purl.obolibrary.org/obo/HP_0000377,http://purl.obolibrary.org/obo/HP_0011039,http://purl.obolibrary.org/obo/HP_0009895,http://purl.obolibrary.org/obo/HP_0011258,
http://purl.obolibrary.org/obo/HP_0011259,Expanded terminal portion of crus of helix,6,http://purl.obolibrary.org/obo/HP_0000598,http://purl.obolibrary.org/obo/HP_0031703,http://purl.obolibrary.org/obo/HP_0000356,http://purl.obolibrary.org/obo/HP_0000377,http://purl.obolibrary.org/obo/HP_0011039,http://purl.obolibrary.org/obo/HP_0009895,http://purl.obolibrary.org/obo/HP_0011259,
http://purl.obolibrary.org/obo/HP_0008537,Cleft at the superior portion of the pinna,6,http://purl.obolibrary.org/obo/HP_0000598,http://purl.obolibrary.org/obo/HP_0031703,http://purl.obolibrary.org/obo/HP_0000356,http://purl.obolibrary.org/obo/HP_0000377,http://purl.obolibrary.org/obo/HP_0011039,http://purl.obolibrary.org/obo/HP_0009902,http://purl.obolibrary.org/obo/HP_0008537,
http://purl.obolibrary.org/obo/HP_0011260,Darwin notch of helix,6,http://purl.obolibrary.org/obo/HP_0000598,http://purl.obolibrary.org/obo/HP_0031703,http://purl.obolibrary.org/obo/HP_0000356,http://purl.obolibrary.org/obo/HP_0000377,http://purl.obolibrary.org/obo/HP_0011039,http://purl.obolibrary.org/obo/HP_0009902,http://purl.obolibrary.org/obo/HP_0011260,
http://purl.obolibrary.org/obo/HP_0031229,Increased incisura length,6,http://purl.obolibrary.org/obo/HP_0000598,http://purl.obolibrary.org/obo/HP_0031703,http://purl.obolibrary.org/obo/HP_0000356,http://purl.obolibrary.org/obo/HP_0000377,http://purl.obolibrary.org/obo/HP_0011039,http://purl.obolibrary.org/obo/HP_0031228,http://purl.obolibrary.org/obo/HP_0031229,
http://purl.obolibrary.org/obo/HP_0031230,Decreased incisura length,6,http://purl.obolibrary.org/obo/HP_0000598,http://purl.obolibrary.org/obo/HP_0031703,http://purl.obolibrary.org/obo/HP_0000356,http://purl.obolibrary.org/obo/HP_0000377,http://purl.obolibrary.org/obo/HP_0011039,http://purl.obolibrary.org/obo/HP_0031228,http://purl.obolibrary.org/obo/HP_0031230,
http://purl.obolibrary.org/obo/HP_0031231,Narrow incisura width,6,http://purl.obolibrary.org/obo/HP_0000598,http://purl.obolibrary.org/obo/HP_0031703,http://purl.obolibrary.org/obo/HP_0000356,http://purl.obolibrary.org/obo/HP_0000377,http://purl.obolibrary.org/obo/HP_0011039,http://purl.obolibrary.org/obo/HP_0031228,http://purl.obolibrary.org/obo/HP_0031231,
http://purl.obolibrary.org/obo/HP_0031232,Increased incisura width,6,http://purl.obolibrary.org/obo/HP_0000598,http://purl.obolibrary.org/obo/HP_0031703,http://purl.obolibrary.org/obo/HP_0000356,http://purl.obolibrary.org/obo/HP_0000377,http://purl.obolibrary.org/obo/HP_0011039,http://purl.obolibrary.org/obo/HP_0031228,http://purl.obolibrary.org/obo/HP_0031232,
http://purl.obolibrary.org/obo/HP_0011373,Incomplete partition of the cochlea,6,http://purl.obolibrary.org/obo/HP_0000598,http://purl.obolibrary.org/obo/HP_0031703,http://purl.obolibrary.org/obo/HP_0000359,http://purl.obolibrary.org/obo/HP_0011390,http://purl.obolibrary.org/obo/HP_0000375,http://purl.obolibrary.org/obo/HP_0008554,http://purl.obolibrary.org/obo/HP_0011373,
http://purl.obolibrary.org/obo/HP_0011381,Aplasia of the semicircular canal,6,http://purl.obolibrary.org/obo/HP_0000598,http://purl.obolibrary.org/obo/HP_0031703,http://purl.obolibrary.org/obo/HP_0000359,http://purl.obolibrary.org/obo/HP_0011390,http://purl.obolibrary.org/obo/HP_0011376,http://purl.obolibrary.org/obo/HP_0011380,http://purl.obolibrary.org/obo/HP_0011381,
http://purl.obolibrary.org/obo/HP_0011382,Hypoplasia of the semicircular canal,6,http://purl.obolibrary.org/obo/HP_0000598,http://purl.obolibrary.org/obo/HP_0031703,http://purl.obolibrary.org/obo/HP_0000359,http://purl.obolibrary.org/obo/HP_0011390,http://purl.obolibrary.org/obo/HP_0011376,http://purl.obolibrary.org/obo/HP_0011380,http://purl.obolibrary.org/obo/HP_0011382,
http://purl.obolibrary.org/obo/HP_0011383,Enlarged semicircular canal,6,http://purl.obolibrary.org/obo/HP_0000598,http://purl.obolibrary.org/obo/HP_0031703,http://purl.obolibrary.org/obo/HP_0000359,http://purl.obolibrary.org/obo/HP_0011390,http://purl.obolibrary.org/obo/HP_0011376,http://purl.obolibrary.org/obo/HP_0011380,http://purl.obolibrary.org/obo/HP_0011383,
http://purl.obolibrary.org/obo/HP_0040106,Abnormal lateral semicircular canal morphology,6,http://purl.obolibrary.org/obo/HP_0000598,http://purl.obolibrary.org/obo/HP_0031703,http://purl.obolibrary.org/obo/HP_0000359,http://purl.obolibrary.org/obo/HP_0011390,http://purl.obolibrary.org/obo/HP_0011376,http://purl.obolibrary.org/obo/HP_0011380,http://purl.obolibrary.org/obo/HP_0040106,
http://purl.obolibrary.org/obo/HP_0040107,Abnormal posterior semicircular canal morphology,6,http://purl.obolibrary.org/obo/HP_0000598,http://purl.obolibrary.org/obo/HP_0031703,http://purl.obolibrary.org/obo/HP_0000359,http://purl.obolibrary.org/obo/HP_0011390,http://purl.obolibrary.org/obo/HP_0011376,http://purl.obolibrary.org/obo/HP_0011380,http://purl.obolibrary.org/obo/HP_0040107,
http://purl.obolibrary.org/obo/HP_0040108,Abnormal anterior semicircular canal morphology,6,http://purl.obolibrary.org/obo/HP_0000598,http://purl.obolibrary.org/obo/HP_0031703,http://purl.obolibrary.org/obo/HP_0000359,http://purl.obolibrary.org/obo/HP_0011390,http://purl.obolibrary.org/obo/HP_0011376,http://purl.obolibrary.org/obo/HP_0011380,http://purl.obolibrary.org/obo/HP_0040108,
http://purl.obolibrary.org/obo/HP_0040109,Abnormal utricle morphology,6,http://purl.obolibrary.org/obo/HP_0000598,http://purl.obolibrary.org/obo/HP_0031703,http://purl.obolibrary.org/obo/HP_0000359,http://purl.obolibrary.org/obo/HP_0011390,http://purl.obolibrary.org/obo/HP_0011376,http://purl.obolibrary.org/obo/HP_0011380,http://purl.obolibrary.org/obo/HP_0040109,
http://purl.obolibrary.org/obo/HP_0040110,Abnormal saccule morphology,6,http://purl.obolibrary.org/obo/HP_0000598,http://purl.obolibrary.org/obo/HP_0031703,http://purl.obolibrary.org/obo/HP_0000359,http://purl.obolibrary.org/obo/HP_0011390,http://purl.obolibrary.org/obo/HP_0011376,http://purl.obolibrary.org/obo/HP_0011380,http://purl.obolibrary.org/obo/HP_0040110,
http://purl.obolibrary.org/obo/HP_0031000,Vestibular saccular degeneration,6,http://purl.obolibrary.org/obo/HP_0000598,http://purl.obolibrary.org/obo/HP_0031703,http://purl.obolibrary.org/obo/HP_0000359,http://purl.obolibrary.org/obo/HP_0011390,http://purl.obolibrary.org/obo/HP_0011376,http://purl.obolibrary.org/obo/HP_0030999,http://purl.obolibrary.org/obo/HP_0031000,
http://purl.obolibrary.org/obo/HP_0011393,Aplasia of the vestibular nerve.,6,http://purl.obolibrary.org/obo/HP_0000598,http://purl.obolibrary.org/obo/HP_0031703,http://purl.obolibrary.org/obo/HP_0000359,http://purl.obolibrary.org/obo/HP_0011390,http://purl.obolibrary.org/obo/HP_0011391,http://purl.obolibrary.org/obo/HP_0011392,http://purl.obolibrary.org/obo/HP_0011393,
http://purl.obolibrary.org/obo/HP_0011394,Hypoplasia of the vestibular nerve,6,http://purl.obolibrary.org/obo/HP_0000598,http://purl.obolibrary.org/obo/HP_0031703,http://purl.obolibrary.org/obo/HP_0000359,http://purl.obolibrary.org/obo/HP_0011390,http://purl.obolibrary.org/obo/HP_0011391,http://purl.obolibrary.org/obo/HP_0011392,http://purl.obolibrary.org/obo/HP_0011394,
http://purl.obolibrary.org/obo/HP_0034585,Cochlear nerve hypoplasia,6,http://purl.obolibrary.org/obo/HP_0000598,http://purl.obolibrary.org/obo/HP_0031703,http://purl.obolibrary.org/obo/HP_0000359,http://purl.obolibrary.org/obo/HP_0011390,http://purl.obolibrary.org/obo/HP_0011391,http://purl.obolibrary.org/obo/HP_0011396,http://purl.obolibrary.org/obo/HP_0034585,
http://purl.obolibrary.org/obo/HP_6000988,Cochlear nerve aplasia,6,http://purl.obolibrary.org/obo/HP_0000598,http://purl.obolibrary.org/obo/HP_0031703,http://purl.obolibrary.org/obo/HP_0000359,http://purl.obolibrary.org/obo/HP_0011390,http://purl.obolibrary.org/obo/HP_0011391,http://purl.obolibrary.org/obo/HP_0011396,http://purl.obolibrary.org/obo/HP_6000988,
http://purl.obolibrary.org/obo/HP_0000362,Otosclerosis,6,http://purl.obolibrary.org/obo/HP_0000598,http://purl.obolibrary.org/obo/HP_0031703,http://purl.obolibrary.org/obo/HP_0000370,http://purl.obolibrary.org/obo/HP_0008609,http://purl.obolibrary.org/obo/HP_0004452,http://purl.obolibrary.org/obo/HP_0008628,http://purl.obolibrary.org/obo/HP_0000362,
http://purl.obolibrary.org/obo/HP_0000381,Stapes ankylosis,6,http://purl.obolibrary.org/obo/HP_0000598,http://purl.obolibrary.org/obo/HP_0031703,http://purl.obolibrary.org/obo/HP_0000370,http://purl.obolibrary.org/obo/HP_0008609,http://purl.obolibrary.org/obo/HP_0004452,http://purl.obolibrary.org/obo/HP_0008628,http://purl.obolibrary.org/obo/HP_0000381,
http://purl.obolibrary.org/obo/HP_0011456,Absent stapes,6,http://purl.obolibrary.org/obo/HP_0000598,http://purl.obolibrary.org/obo/HP_0031703,http://purl.obolibrary.org/obo/HP_0000370,http://purl.obolibrary.org/obo/HP_0008609,http://purl.obolibrary.org/obo/HP_0004452,http://purl.obolibrary.org/obo/HP_0008628,http://purl.obolibrary.org/obo/HP_0011456,
http://purl.obolibrary.org/obo/HP_0200111,Absent stapes head,6,http://purl.obolibrary.org/obo/HP_0000598,http://purl.obolibrary.org/obo/HP_0031703,http://purl.obolibrary.org/obo/HP_0000370,http://purl.obolibrary.org/obo/HP_0008609,http://purl.obolibrary.org/obo/HP_0004452,http://purl.obolibrary.org/obo/HP_0008628,http://purl.obolibrary.org/obo/HP_0200111,
http://purl.obolibrary.org/obo/HP_6001071,Incus ankylosis,6,http://purl.obolibrary.org/obo/HP_0000598,http://purl.obolibrary.org/obo/HP_0031703,http://purl.obolibrary.org/obo/HP_0000370,http://purl.obolibrary.org/obo/HP_0008609,http://purl.obolibrary.org/obo/HP_0004452,http://purl.obolibrary.org/obo/HP_0011453,http://purl.obolibrary.org/obo/HP_6001071,
http://purl.obolibrary.org/obo/HP_0011455,Absent malleus,6,http://purl.obolibrary.org/obo/HP_0000598,http://purl.obolibrary.org/obo/HP_0031703,http://purl.obolibrary.org/obo/HP_0000370,http://purl.obolibrary.org/obo/HP_0008609,http://purl.obolibrary.org/obo/HP_0004452,http://purl.obolibrary.org/obo/HP_0011454,http://purl.obolibrary.org/obo/HP_0011455,
http://purl.obolibrary.org/obo/HP_0040114,Absence of the reflex of the tensor tympani muscle,6,http://purl.obolibrary.org/obo/HP_0000598,http://purl.obolibrary.org/obo/HP_0031703,http://purl.obolibrary.org/obo/HP_0000370,http://purl.obolibrary.org/obo/HP_0011452,http://purl.obolibrary.org/obo/HP_0004454,http://purl.obolibrary.org/obo/HP_0040120,http://purl.obolibrary.org/obo/HP_0040114,
http://purl.obolibrary.org/obo/HP_0040123,Impairment of the reflex of the tensor tympani muscle,6,http://purl.obolibrary.org/obo/HP_0000598,http://purl.obolibrary.org/obo/HP_0031703,http://purl.obolibrary.org/obo/HP_0000370,http://purl.obolibrary.org/obo/HP_0011452,http://purl.obolibrary.org/obo/HP_0004454,http://purl.obolibrary.org/obo/HP_0040120,http://purl.obolibrary.org/obo/HP_0040123,
http://purl.obolibrary.org/obo/HP_0008529,Absence of acoustic reflex,6,http://purl.obolibrary.org/obo/HP_0000598,http://purl.obolibrary.org/obo/HP_0031703,http://purl.obolibrary.org/obo/HP_0000370,http://purl.obolibrary.org/obo/HP_0011452,http://purl.obolibrary.org/obo/HP_0004454,http://purl.obolibrary.org/obo/HP_0040121,http://purl.obolibrary.org/obo/HP_0008529,
http://purl.obolibrary.org/obo/HP_0040122,Impairment of the the acoustic reflex,6,http://purl.obolibrary.org/obo/HP_0000598,http://purl.obolibrary.org/obo/HP_0031703,http://purl.obolibrary.org/obo/HP_0000370,http://purl.obolibrary.org/obo/HP_0011452,http://purl.obolibrary.org/obo/HP_0004454,http://purl.obolibrary.org/obo/HP_0040121,http://purl.obolibrary.org/obo/HP_0040122,
http://purl.obolibrary.org/obo/HP_0004453,Overfolding of the superior helices,7,http://purl.obolibrary.org/obo/HP_0000598,http://purl.obolibrary.org/obo/HP_0031703,http://purl.obolibrary.org/obo/HP_0000356,http://purl.obolibrary.org/obo/HP_0000377,http://purl.obolibrary.org/obo/HP_0011039,http://purl.obolibrary.org/obo/HP_0008544,http://purl.obolibrary.org/obo/HP_0000396,http://purl.obolibrary.org/obo/HP_0004453
http://purl.obolibrary.org/obo/HP_0008583,Underfolded superior helices,7,http://purl.obolibrary.org/obo/HP_0000598,http://purl.obolibrary.org/obo/HP_0031703,http://purl.obolibrary.org/obo/HP_0000356,http://purl.obolibrary.org/obo/HP_0000377,http://purl.obolibrary.org/obo/HP_0011039,http://purl.obolibrary.org/obo/HP_0008544,http://purl.obolibrary.org/obo/HP_0008577,http://purl.obolibrary.org/obo/HP_0008583
http://purl.obolibrary.org/obo/HP_0000376,Incomplete partition of the cochlea type II,7,http://purl.obolibrary.org/obo/HP_0000598,http://purl.obolibrary.org/obo/HP_0031703,http://purl.obolibrary.org/obo/HP_0000359,http://purl.obolibrary.org/obo/HP_0011390,http://purl.obolibrary.org/obo/HP_0000375,http://purl.obolibrary.org/obo/HP_0008554,http://purl.obolibrary.org/obo/HP_0011373,http://purl.obolibrary.org/obo/HP_0000376
http://purl.obolibrary.org/obo/HP_0011374,Incomplete partition of the cochlea type I,7,http://purl.obolibrary.org/obo/HP_0000598,http://purl.obolibrary.org/obo/HP_0031703,http://purl.obolibrary.org/obo/HP_0000359,http://purl.obolibrary.org/obo/HP_0011390,http://purl.obolibrary.org/obo/HP_0000375,http://purl.obolibrary.org/obo/HP_0008554,http://purl.obolibrary.org/obo/HP_0011373,http://purl.obolibrary.org/obo/HP_0011374
http://purl.obolibrary.org/obo/HP_0007943,Congenital stapes ankylosis,7,http://purl.obolibrary.org/obo/HP_0000598,http://purl.obolibrary.org/obo/HP_0031703,http://purl.obolibrary.org/obo/HP_0000370,http://purl.obolibrary.org/obo/HP_0008609,http://purl.obolibrary.org/obo/HP_0004452,http://purl.obolibrary.org/obo/HP_0008628,http://purl.obolibrary.org/obo/HP_0000381,http://purl.obolibrary.org/obo/HP_0007943
